Clonal	Subclonal
AK1	A1BG
AKAP5	A4GNT
AMD1	AADAT
AMMECR1	AAGAB
APLN	AAK1
ARHGAP11B	AAMP
ARMCX1	AARD
ARPC3	AASDH
ASB13	AASDHPPT
ASB9	AATK
ATF3	ABCB6
ATP1B1	ABCF2
ATP6V0C	ABHD10
BCL2	ABHD13
BEX5	ABHD14B
BUD31	ABHD15
C17orf100	ABHD16B
C4orf46	ABHD2
C8G	ABHD4
C8orf82	ABHD6
C9orf72	ABT1
CAAP1	ACAA1
CASP6	ACAA2
CBWD6	ACADL
CCL27	ACADVL
CCNA2	ACAP3
CCNO	ACAT2
CD99L2	ACCS
CDKL1	ACER1
CDKN3	ACER3
CDRT4	ACO2
CFDP1	ACOT2
CHIC1	ACP1
CLDN20	ACP5
CLEC11A	ACPP
CLIC3	ACRV1
COG3	ACSBG1
CRABP1	ACSBG2
CT47A6	ACSS1
CTDSP2	ACTA1
CTF1	ACTB
CXorf65	ACTN4
DBI	ACTR10
DCUN1D5	ACTR1A
DDIT4	ACTR1B
DEC1	ACTR2
DESI1	ACTR3
DNAJA1	ACTR3C
DNAJB1	ACTR5
DNAJC24	ACTR6
DNAL4	ACTR8
E2F5	ACVR2A
EBF4	ACY1
EIF2S3	ACYP1
EXOSC6	ADAM10
EXTL2	ADAM17
FADS1	ADAM8
FAM120AOS	ADAM9
FAM173A	ADAT3
FAM219A	ADCK5
FAM219B	ADCYAP1
FAM43A	ADH5
FAM43B	ADH6
FAM50A	ADI1
FAM89B	ADIPOR1
FAM9B	ADM2
FEM1C	ADNP
FEZ1	ADO
FJX1	ADPGK
FOLR2	ADPRH
FOPNL	ADPRHL2
FOXP3	ADRA1A
FTSJ1	ADRA1B
GFRA4	ADRA1D
GJB1	ADRA2B
GLOD5	ADRA2C
GMNN	ADRB2
GOLGA6L1	ADRB3
GPAA1	ADRM1
GPR143	ADSL
GPR82	AEBP1
GTF2H5	AEBP2
H2BFM	AFP
HADH	AFTPH
HAUS7	AGAP2
HDDC2	AGAP4
HINT3	AGAP5
HIST1H2AH	AGAP8
HMGN3	AGER
HOXB4	AGFG1
HOXD11	AGMO
IAH1	AGPAT1
IDH2	AGPAT2
IFI27L1	AGPAT5
IFI6	AGR2
IFNGR1	AGR3
IFT20	AGRP
IGFBP4	AGTRAP
IGFLR1	AHCY
IL21R	AIF1
ILK	AIF1L
IRF1	AIMP1
KCNK7	AIPL1
KIAA1143	AK4
KISS1	AKAP10
KISS1R	AKAP14
LCAT	AKIP1
LCN1	AKR1C2
LIPM	AKR1C3
LOR	AKR7A3
LRRC26	AKT1S1
MAF	AKT3
MANBAL	AKTIP
MAP1LC3B	ALCAM
MAT2B	ALDH1A3
MED22	ALDH3A2
MFSD10	ALDH3B2
MGAT4B	ALDH5A1
MINPP1	ALDOA
MMADHC	ALG10
MOB1B	ALG12
MRPL13	ALK
MRPL50	ALKBH1
MRTO4	ALKBH3
MTCP1	ALKBH5
MTMR1	ALKBH6
MYL6	ALPL
NEURL2	ALS2CR12
NKX2-8	ALX1
NKX6-3	ALYREF
NME4	AMACR
NMRK1	AMFR
NPPC	AMMECR1L
OR4F21	AMN1
ORC6	AMPD3
OSGEP	AMT
PDCD6	AMTN
PDHB	AMY2B
PEX12	AMZ2
PGGT1B	ANAPC11
PHF6	ANAPC16
PHOX2A	ANAPC5
PIR	ANG
PITX3	ANGEL2
PLCXD1	ANGPT1
PLD6	ANGPT2
PLIN2	ANGPTL1
PLSCR1	ANKFY1
POLR2J	ANKH
PPA1	ANKMY2
PRDX4	ANKRA2
PRKAR1A	ANKRD10
PRKAR2A	ANKRD13B
PRR18	ANKRD16
PSMB5	ANKRD20A4
PSMB9	ANKRD27
PSMD10	ANKRD34A
PSTK	ANKRD36C
PTCH1	ANKRD39
PTGR2	ANKRD54
PTX3	ANKRD7
RAB36	ANKS3
RAET1L	ANKZF1
RANGRF	ANO6
RBM34	ANTXR2
RBM4B	ANXA13
RBM8A	ANXA2
RELT	ANXA2R
RFNG	ANXA4
RLN2	ANXA5
RNF167	AP1B1
RNF170	AP1G1
RPL28	AP1S1
RPL9	AP1S3
RPP38	AP2B1
RPS4X	AP2M1
RRAGA	AP2S1
RSL24D1	AP3B1
RSRC2	AP3M1
RSU1	AP3M2
S100G	AP3S1
SAC3D1	AP4M1
SAMD5	AP4S1
SCML1	AP5M1
SCOC	AP5Z1
SDHD	APBA3
SESN3	APBB1
SFT2D1	APBB3
SGCB	APEX1
SH2D6	API5
SIGMAR1	APLF
SKOR2	APLP2
SLC23A3	APOA1
SLC25A43	APOA2
SLC35A2	APOBEC3B
SLC35G6	APOBEC3H
SLC9A3R2	APOBEC4
SNRPE	APOE
SNRPN	APOF
SNX12	APOL1
SNX7	APOL6
SOD3	APOOL
SOX12	APPBP2
SPANXN4	APPL1
SPIN4	APPL2
SPINK14	APRT
SRP19	AQP11
SRSF1	AQP12A
STX3	AQP4
SUMO2	AQP5
SUN2	AQP7
SYAP1	ARAF
TACO1	ARCN1
TAF5	AREG
TAX1BP3	ARF3
TCEANC	ARF4
TCTEX1D2	ARF5
TEX12	ARFGAP1
TFAM	ARFGAP3
TIMP1	ARFIP1
TIRAP	ARFIP2
TMBIM6	ARFRP1
TMEM106A	ARG1
TMEM167A	ARG2
TMEM179B	ARGFX
TMEM185A	ARHGAP1
TMEM70	ARHGAP15
TMEM86B	ARHGAP26
TMEM95	ARHGAP35
TNFSF12-TNFSF13	ARHGAP9
TP53AIP1	ARHGDIB
TPRG1L	ARHGDIG
TRADD	ARHGEF1
TRAPPC5	ARHGEF2
TRIB2	ARHGEF37
TRUB2	ARHGEF38
TSPAN19	ARHGEF7
TSPAN6	ARIH1
TTC32	ARL1
TUBA1C	ARL11
UBE2J1	ARL13A
UBOX5	ARL13B
UROD	ARL14
USP14	ARL15
USP35	ARL2
VCX2	ARL4C
WDR26	ARL4D
WDR45	ARL5A
YPEL3	ARL5B
ZAR1	ARL6
ZFY	ARL6IP1
ZMAT3	ARL6IP5
ZNF547	ARL6IP6
ZP2	ARL8B
ZRSR2	ARMC10
NA	ARMC2
NA	ARMC6
NA	ARMC8
NA	ARMCX3
NA	ARMCX6
NA	ARMS2
NA	ARNTL
NA	ARPC1A
NA	ARPC5
NA	ARPP19
NA	ARRB1
NA	ARRDC1
NA	ARRDC2
NA	ARRDC3
NA	ARSB
NA	ARSG
NA	ART4
NA	ART5
NA	ASAH1
NA	ASAH2B
NA	ASB1
NA	ASB14
NA	ASB16
NA	ASB18
NA	ASB2
NA	ASB6
NA	ASB7
NA	ASCL3
NA	ASCL4
NA	ASIC3
NA	ASNSD1
NA	ASPDH
NA	ASPH
NA	ASPHD1
NA	ASPRV1
NA	ASRGL1
NA	ASTL
NA	ATAD1
NA	ATAD2
NA	ATAT1
NA	ATF2
NA	ATF6
NA	ATF7
NA	ATG10
NA	ATG16L1
NA	ATG16L2
NA	ATG3
NA	ATG4C
NA	ATG4D
NA	ATIC
NA	ATL2
NA	ATOH7
NA	ATOH8
NA	ATP11B
NA	ATP13A1
NA	ATP6AP1L
NA	ATP6V0D1
NA	ATP6V0E1
NA	ATP6V1A
NA	ATP6V1C1
NA	ATP6V1D
NA	ATP6V1E1
NA	ATP6V1F
NA	ATP6V1G1
NA	ATP6V1G2
NA	ATP9B
NA	ATPAF1
NA	ATPAF2
NA	ATXN10
NA	ATXN3
NA	ATXN7
NA	ATXN7L1
NA	AURKA
NA	AURKB
NA	AURKC
NA	AVEN
NA	AVL9
NA	AVP
NA	AVPI1
NA	AZI2
NA	AZIN1
NA	B2M
NA	B3GALNT1
NA	B3GALNT2
NA	B3GALT1
NA	B3GALT2
NA	B3GALT5
NA	B3GALT6
NA	B3GNT2
NA	B3GNT4
NA	B3GNT5
NA	B3GNT6
NA	B3GNT7
NA	B3GNT8
NA	B3GNT9
NA	B3GNTL1
NA	B4GALNT1
NA	B4GALT1
NA	B4GALT2
NA	B4GALT6
NA	B9D2
NA	BAG1
NA	BAG2
NA	BAG3
NA	BAG5
NA	BAG6
NA	BAHD1
NA	BAIAP2L2
NA	BAK1
NA	BAMBI
NA	BANF1
NA	BANF2
NA	BAP1
NA	BARX1
NA	BASP1
NA	BATF
NA	BATF2
NA	BAZ2A
NA	BBC3
NA	BBS4
NA	BBX
NA	BCAP29
NA	BCAS2
NA	BCCIP
NA	BCDIN3D
NA	BCHE
NA	BCKDK
NA	BCL10
NA	BCL2A1
NA	BCL2L1
NA	BCL2L10
NA	BCL2L13
NA	BCL2L14
NA	BCL2L15
NA	BCL2L2-PABPN1
NA	BCL6
NA	BCL7A
NA	BCL7B
NA	BCL7C
NA	BCR
NA	BDH2
NA	BDKRB2
NA	BECN1
NA	BEND5
NA	BEND6
NA	BEST4
NA	BET1
NA	BET1L
NA	BEX2
NA	BFAR
NA	BFSP2
NA	BHLHE40
NA	BHMT2
NA	BID
NA	BIN3
NA	BIRC7
NA	BLCAP
NA	BLM
NA	BLMH
NA	BLOC1S3
NA	BLVRA
NA	BLVRB
NA	BLZF1
NA	BMF
NA	BMP4
NA	BMP6
NA	BMP8B
NA	BMPR1A
NA	BNIP1
NA	BNIP2
NA	BNIP3L
NA	BNIPL
NA	BOD1
NA	BOD1L2
NA	BOK
NA	BOLA1
NA	BOP1
NA	BPGM
NA	BPHL
NA	BPIFA3
NA	BPNT1
NA	BRD2
NA	BRD4
NA	BRI3BP
NA	BRMS1L
NA	BROX
NA	BRSK1
NA	BSCL2
NA	BSG
NA	BST1
NA	BST2
NA	BSX
NA	BTBD10
NA	BTBD2
NA	BTBD6
NA	BTD
NA	BTG1
NA	BTG2
NA	BTG3
NA	BTG4
NA	BTLA
NA	BTN2A1
NA	BTN2A2
NA	BTN3A1
NA	BTN3A2
NA	BTNL2
NA	BZW1
NA	C10orf111
NA	C10orf25
NA	C10orf62
NA	C10orf90
NA	C11orf1
NA	C11orf42
NA	C11orf45
NA	C11orf52
NA	C11orf71
NA	C11orf74
NA	C11orf80
NA	C11orf87
NA	C11orf88
NA	C12orf10
NA	C12orf4
NA	C12orf43
NA	C12orf49
NA	C12orf60
NA	C12orf71
NA	C12orf76
NA	C14orf119
NA	C14orf93
NA	C15orf32
NA	C15orf38-AP3S2
NA	C15orf39
NA	C15orf40
NA	C15orf48
NA	C15orf53
NA	C15orf54
NA	C16orf45
NA	C16orf54
NA	C16orf70
NA	C16orf72
NA	C16orf90
NA	C16orf91
NA	C17orf102
NA	C17orf49
NA	C17orf58
NA	C17orf67
NA	C17orf75
NA	C17orf78
NA	C17orf80
NA	C17orf82
NA	C17orf98
NA	C18orf21
NA	C18orf25
NA	C19orf12
NA	C19orf33
NA	C19orf44
NA	C19orf47
NA	C19orf53
NA	C19orf54
NA	C1D
NA	C1GALT1
NA	C1orf100
NA	C1orf112
NA	C1orf115
NA	C1orf141
NA	C1orf146
NA	C1orf162
NA	C1orf174
NA	C1orf189
NA	C1orf194
NA	C1orf216
NA	C1orf43
NA	C1orf50
NA	C1orf52
NA	C1orf53
NA	C1orf56
NA	C1orf61
NA	C1orf74
NA	C1orf87
NA	C1QBP
NA	C1QL1
NA	C1QL2
NA	C1QTNF3
NA	C1QTNF4
NA	C1QTNF6
NA	C20orf141
NA	C20orf144
NA	C20orf197
NA	C20orf27
NA	C20orf85
NA	C20orf96
NA	C21orf58
NA	C21orf62
NA	C21orf91
NA	C22orf15
NA	C22orf23
NA	C22orf24
NA	C2orf27B
NA	C2orf40
NA	C2orf42
NA	C2orf50
NA	C2orf66
NA	C2orf70
NA	C2orf73
NA	C2orf76
NA	C2orf80
NA	C3orf18
NA	C3orf22
NA	C3orf33
NA	C3orf35
NA	C3orf52
NA	C3orf62
NA	C3orf70
NA	C3orf79
NA	C4BPB
NA	C4orf19
NA	C4orf33
NA	C4orf36
NA	C4orf51
NA	C5orf15
NA	C5orf24
NA	C5orf38
NA	C5orf46
NA	C5orf49
NA	C5orf51
NA	C5orf58
NA	C5orf64
NA	C6orf136
NA	C6orf15
NA	C6orf201
NA	C6orf223
NA	C6orf47
NA	C6orf48
NA	C6orf62
NA	C6orf89
NA	C7orf26
NA	C7orf33
NA	C7orf43
NA	C7orf50
NA	C7orf57
NA	C7orf61
NA	C7orf65
NA	C7orf66
NA	C7orf69
NA	C8orf31
NA	C8orf33
NA	C8orf37
NA	C8orf44
NA	C8orf76
NA	C8orf86
NA	C9
NA	C9orf163
NA	C9orf170
NA	C9orf40
NA	C9orf47
NA	C9orf50
NA	CA11
NA	CA12
NA	CA14
NA	CA3
NA	CA5A
NA	CAB39
NA	CAB39L
NA	CABLES1
NA	CABLES2
NA	CABP1
NA	CABP2
NA	CABP5
NA	CABS1
NA	CABYR
NA	CACNB3
NA	CACNG7
NA	CACYBP
NA	CALB1
NA	CALCA
NA	CALCB
NA	CALHM1
NA	CALM1
NA	CALM2
NA	CALML4
NA	CAMK1G
NA	CAMK2B
NA	CAMK2D
NA	CAMK2N1
NA	CAMKMT
NA	CAMP
NA	CAND1
NA	CAND2
NA	CAPG
NA	CAPN1
NA	CAPN2
NA	CAPN7
NA	CAPNS1
NA	CAPNS2
NA	CAPS
NA	CAPSL
NA	CAPZA1
NA	CAPZA2
NA	CAPZB
NA	CARM1
NA	CARS2
NA	CARTPT
NA	CASC4
NA	CASD1
NA	CASP1
NA	CASP10
NA	CASP14
NA	CASP2
NA	CASP7
NA	CASP8
NA	CASP9
NA	CAST
NA	CATSPER3
NA	CAV3
NA	CBFA2T2
NA	CBFB
NA	CBLL1
NA	CBLN1
NA	CBLN3
NA	CBLN4
NA	CBR3
NA	CBR4
NA	CBWD1
NA	CBX3
NA	CBX5
NA	CBX7
NA	CBY1
NA	CC2D2A
NA	CCBE1
NA	CCDC103
NA	CCDC106
NA	CCDC115
NA	CCDC117
NA	CCDC121
NA	CCDC122
NA	CCDC124
NA	CCDC125
NA	CCDC126
NA	CCDC134
NA	CCDC137
NA	CCDC140
NA	CCDC144NL
NA	CCDC148
NA	CCDC15
NA	CCDC151
NA	CCDC18
NA	CCDC24
NA	CCDC36
NA	CCDC47
NA	CCDC51
NA	CCDC59
NA	CCDC65
NA	CCDC69
NA	CCDC71
NA	CCDC82
NA	CCDC84
NA	CCDC85B
NA	CCDC92
NA	CCDC96
NA	CCDC97
NA	CCL11
NA	CCL13
NA	CCL14
NA	CCL15
NA	CCL16
NA	CCL2
NA	CCL20
NA	CCL22
NA	CCL23
NA	CCL24
NA	CCL26
NA	CCL7
NA	CCNB1IP1
NA	CCNC
NA	CCND2
NA	CCND3
NA	CCNF
NA	CCNG1
NA	CCNG2
NA	CCNH
NA	CCNI
NA	CCNI2
NA	CCNL1
NA	CCNT1
NA	CCNYL1
NA	CCPG1
NA	CCR10
NA	CCR3
NA	CCR5
NA	CCS
NA	CCT2
NA	CCT5
NA	CCT6A
NA	CCT7
NA	CCT8
NA	CCZ1
NA	CD151
NA	CD160
NA	CD164
NA	CD164L2
NA	CD200
NA	CD200R1
NA	CD209
NA	CD2BP2
NA	CD300LB
NA	CD320
NA	CD34
NA	CD37
NA	CD38
NA	CD3EAP
NA	CD3G
NA	CD40
NA	CD44
NA	CD48
NA	CD52
NA	CD55
NA	CD59
NA	CD68
NA	CD69
NA	CD7
NA	CD70
NA	CD74
NA	CD79A
NA	CD79B
NA	CD81
NA	CD99
NA	CDADC1
NA	CDC123
NA	CDC16
NA	CDC20
NA	CDC20B
NA	CDC25A
NA	CDC25B
NA	CDC27
NA	CDC34
NA	CDC37
NA	CDC42
NA	CDC73
NA	CDCA4
NA	CDCA5
NA	CDCA7L
NA	CDCA8
NA	CDH24
NA	CDH3
NA	CDIPT
NA	CDK10
NA	CDK15
NA	CDK16
NA	CDK19
NA	CDK2AP1
NA	CDK2AP2
NA	CDK5R1
NA	CDKL2
NA	CDKL4
NA	CDKN1C
NA	CDKN2AIP
NA	CDKN2B
NA	CDKN2C
NA	CDR2
NA	CDR2L
NA	CDRT15
NA	CDT1
NA	CDX1
NA	CDYL
NA	CEACAM1
NA	CEACAM4
NA	CEACAM8
NA	CEBPA
NA	CEBPG
NA	CEBPZ
NA	CECR2
NA	CELA2B
NA	CELF2
NA	CELF3
NA	CELF6
NA	CEND1
NA	CENPA
NA	CENPB
NA	CENPH
NA	CENPK
NA	CENPL
NA	CENPM
NA	CENPN
NA	CENPO
NA	CENPQ
NA	CENPV
NA	CEP112
NA	CEP44
NA	CEP57
NA	CEP68
NA	CEP70
NA	CEP89
NA	CEP95
NA	CEPT1
NA	CERK
NA	CERS2
NA	CERS4
NA	CERS5
NA	CFI
NA	CGA
NA	CGB1
NA	CGGBP1
NA	CGREF1
NA	CHAC1
NA	CHAC2
NA	CHAF1B
NA	CHAMP1
NA	CHCHD10
NA	CHCHD3
NA	CHCHD4
NA	CHCHD5
NA	CHCHD6
NA	CHCHD7
NA	CHD1L
NA	CHEK1
NA	CHEK2
NA	CHERP
NA	CHFR
NA	CHI3L1
NA	CHI3L2
NA	CHIC2
NA	CHID1
NA	CHKB
NA	CHML
NA	CHMP1A
NA	CHMP1B
NA	CHMP2B
NA	CHMP5
NA	CHMP7
NA	CHORDC1
NA	CHP1
NA	CHPF
NA	CHPT1
NA	CHRAC1
NA	CHRFAM7A
NA	CHRNA7
NA	CHRNB1
NA	CHRNE
NA	CHRNG
NA	CHST14
NA	CHST6
NA	CHST9
NA	CIAO1
NA	CIAPIN1
NA	CIB1
NA	CIB4
NA	CIITA
NA	CINP
NA	CIR1
NA	CIRBP
NA	CITED1
NA	CITED2
NA	CIZ1
NA	CKAP2
NA	CKAP2L
NA	CKAP4
NA	CKM
NA	CKMT1A
NA	CKMT1B
NA	CKS1B
NA	CKS2
NA	CLASRP
NA	CLC
NA	CLCF1
NA	CLCN6
NA	CLDN1
NA	CLDN11
NA	CLDN12
NA	CLDN14
NA	CLDN16
NA	CLDN18
NA	CLDN22
NA	CLDN25
NA	CLDN3
NA	CLDN8
NA	CLDN9
NA	CLDND1
NA	CLDND2
NA	CLEC10A
NA	CLEC12A
NA	CLEC18A
NA	CLEC18B
NA	CLEC2B
NA	CLEC4A
NA	CLEC4D
NA	CLEC4G
NA	CLEC9A
NA	CLECL1
NA	CLIC4
NA	CLINT1
NA	CLIP2
NA	CLIP3
NA	CLK3
NA	CLLU1
NA	CLN5
NA	CLN6
NA	CLN8
NA	CLNK
NA	CLNS1A
NA	CLOCK
NA	CLPP
NA	CLPS
NA	CLPSL1
NA	CLPSL2
NA	CLPTM1L
NA	CLPX
NA	CLSPN
NA	CLSTN1
NA	CLTA
NA	CLTB
NA	CMBL
NA	CMTM1
NA	CMTM2
NA	CMTM4
NA	CMTM5
NA	CMTM6
NA	CMTM7
NA	CMTM8
NA	CNIH2
NA	CNKSR3
NA	CNN1
NA	CNN3
NA	CNNM3
NA	CNOT2
NA	CNOT8
NA	CNPPD1
NA	CNPY2
NA	CNPY4
NA	CNRIP1
NA	CNTD2
NA	CNTFR
NA	COA5
NA	COASY
NA	COG1
NA	COIL
NA	COL8A1
NA	COL9A2
NA	COLEC11
NA	COMMD1
NA	COMMD10
NA	COMMD3-BMI1
NA	COMMD4
NA	COMMD5
NA	COMMD6
NA	COMMD8
NA	COMMD9
NA	COMTD1
NA	COPB2
NA	COPE
NA	COPG1
NA	COPG2
NA	COPS2
NA	COPS4
NA	COPS6
NA	COPS8
NA	COQ10A
NA	COQ10B
NA	COQ2
NA	COQ3
NA	COQ5
NA	COQ6
NA	COQ7
NA	COQ9
NA	CORO1B
NA	COTL1
NA	COX11
NA	COX18
NA	COX19
NA	COX20
NA	COX4I1
NA	COX6A1
NA	COX6B1
NA	COX6B2
NA	COX6C
NA	COX7A2
NA	COX7B
NA	COX8A
NA	COX8C
NA	CPA2
NA	CPB1
NA	CPB2
NA	CPEB1
NA	CPEB4
NA	CPLX1
NA	CPLX3
NA	CPLX4
NA	CPNE1
NA	CPNE3
NA	CPNE6
NA	CPNE8
NA	CPO
NA	CPOX
NA	CPQ
NA	CPSF2
NA	CPSF3
NA	CPSF4
NA	CPSF7
NA	CPT1B
NA	CPT2
NA	CRABP2
NA	CREB3L3
NA	CREBRF
NA	CREBZF
NA	CREG2
NA	CRELD1
NA	CRELD2
NA	CREM
NA	CRIP1
NA	CRIP2
NA	CRIP3
NA	CRIPT
NA	CRISPLD1
NA	CRK
NA	CRLF1
NA	CRLS1
NA	CRMP1
NA	CROT
NA	CRTAP
NA	CRTC1
NA	CRY1
NA	CRYAA
NA	CRYBA2
NA	CRYBA4
NA	CRYBB1
NA	CRYBB3
NA	CRYBG3
NA	CRYGB
NA	CRYGD
NA	CRYGS
NA	CRYL1
NA	CRYM
NA	CRYZL1
NA	CS
NA	CSAD
NA	CSDC2
NA	CSDE1
NA	CSE1L
NA	CSF1R
NA	CSF2
NA	CSF3
NA	CSGALNACT1
NA	CSH1
NA	CSH2
NA	CSHL1
NA	CSK
NA	CSN1S1
NA	CSNK1A1
NA	CSNK1A1L
NA	CSNK1G1
NA	CSNK1G2
NA	CSNK1G3
NA	CSNK2A1
NA	CSNK2B
NA	CSPP1
NA	CSRNP2
NA	CSRP1
NA	CSRP3
NA	CST11
NA	CST2
NA	CST3
NA	CST4
NA	CST5
NA	CST6
NA	CST8
NA	CSTF1
NA	CSTF2T
NA	CSTF3
NA	CT45A1
NA	CT62
NA	CTAGE4
NA	CTAGE5
NA	CTBP1
NA	CTBP2
NA	CTCF
NA	CTCFL
NA	CTDNEP1
NA	CTDSP1
NA	CTDSPL
NA	CTH
NA	CTHRC1
NA	CTLA4
NA	CTNNAL1
NA	CTPS1
NA	CTPS2
NA	CTR9
NA	CTRL
NA	CTSB
NA	CTSC
NA	CTSH
NA	CTSK
NA	CTSO
NA	CTSW
NA	CTTN
NA	CTU2
NA	CTXN3
NA	CUEDC2
NA	CUL1
NA	CUL4B
NA	CUX1
NA	CWC15
NA	CWC22
NA	CWF19L1
NA	CXADR
NA	CXCL10
NA	CXCL11
NA	CXCL12
NA	CXCL13
NA	CXCL6
NA	CXCR1
NA	CXCR6
NA	CXorf38
NA	CXorf40A
NA	CXorf40B
NA	CXorf56
NA	CXXC4
NA	CYB561D1
NA	CYB561D2
NA	CYB5A
NA	CYB5B
NA	CYB5D2
NA	CYB5R2
NA	CYB5R3
NA	CYCS
NA	CYFIP2
NA	CYHR1
NA	CYP1B1
NA	CYP24A1
NA	CYP26B1
NA	CYP26C1
NA	CYP27A1
NA	CYP27B1
NA	CYP27C1
NA	CYP2A6
NA	CYP2D6
NA	CYP2J2
NA	CYP2R1
NA	CYP2U1
NA	CYP2W1
NA	CYP4V2
NA	CYP51A1
NA	CYP7B1
NA	CYSLTR2
NA	CYTH1
NA	CYTH3
NA	CYTL1
NA	CYYR1
NA	D2HGDH
NA	DAD1
NA	DAND5
NA	DAP3
NA	DAPL1
NA	DARS2
NA	DAXX
NA	DAZ2
NA	DAZAP2
NA	DAZL
NA	DBNDD1
NA	DBNDD2
NA	DBNL
NA	DBT
NA	DCAF15
NA	DCAF16
NA	DCAF17
NA	DCAF4L1
NA	DCAF7
NA	DCAF8
NA	DCAKD
NA	DCBLD1
NA	DCBLD2
NA	DCD
NA	DCDC2
NA	DCLK1
NA	DCLRE1B
NA	DCP1A
NA	DCP2
NA	DCPS
NA	DCT
NA	DCTD
NA	DCTN2
NA	DCTN3
NA	DCTN5
NA	DCUN1D4
NA	DDA1
NA	DDAH1
NA	DDAH2
NA	DDHD2
NA	DDIT3
NA	DDIT4L
NA	DDOST
NA	DDR2
NA	DDRGK1
NA	DDX17
NA	DDX18
NA	DDX23
NA	DDX47
NA	DDX49
NA	DDX5
NA	DDX50
NA	DDX55
NA	DDX56
NA	DDX59
NA	DDX6
NA	DECR1
NA	DECR2
NA	DEDD2
NA	DEFB1
NA	DEFB105A
NA	DEFB113
NA	DEFB114
NA	DEFB116
NA	DEFB123
NA	DEFB124
NA	DEFB125
NA	DEFB128
NA	DEFB129
NA	DEFB132
NA	DEFB134
NA	DEFB136
NA	DEFB4A
NA	DEGS1
NA	DENND2D
NA	DENR
NA	DERL1
NA	DERL2
NA	DESI2
NA	DFFA
NA	DFFB
NA	DGAT1
NA	DGAT2
NA	DGCR6
NA	DGCR6L
NA	DGCR8
NA	DGKA
NA	DGUOK
NA	DHDH
NA	DHH
NA	DHODH
NA	DHPS
NA	DHRS1
NA	DHRS11
NA	DHRS12
NA	DHRS13
NA	DHRS2
NA	DHRS4
NA	DHRS7B
NA	DHRS9
NA	DHRSX
NA	DHX30
NA	DHX35
NA	DHX58
NA	DIABLO
NA	DIAPH3
NA	DIMT1
NA	DIO3
NA	DIRAS1
NA	DIRC1
NA	DIS3L
NA	DIS3L2
NA	DISC1
NA	DKK1
NA	DKK3
NA	DKKL1
NA	DLAT
NA	DLD
NA	DLEU7
NA	DLG1
NA	DLGAP4
NA	DLL3
NA	DLST
NA	DLX1
NA	DLX2
NA	DLX3
NA	DLX4
NA	DLX5
NA	DLX6
NA	DMAP1
NA	DMC1
NA	DMKN
NA	DMPK
NA	DMRTB1
NA	DMTF1
NA	DNAAF2
NA	DNAH14
NA	DNAJA4
NA	DNAJB11
NA	DNAJB14
NA	DNAJB2
NA	DNAJB4
NA	DNAJB9
NA	DNAJC1
NA	DNAJC10
NA	DNAJC11
NA	DNAJC12
NA	DNAJC13
NA	DNAJC14
NA	DNAJC15
NA	DNAJC22
NA	DNAJC25
NA	DNAJC27
NA	DNAJC28
NA	DNAJC30
NA	DNAJC4
NA	DNAJC5
NA	DNAJC5G
NA	DNAJC7
NA	DNAJC8
NA	DNAJC9
NA	DNAL1
NA	DNALI1
NA	DNASE1
NA	DNASE1L2
NA	DNASE1L3
NA	DNPEP
NA	DNTTIP1
NA	DOC2A
NA	DOHH
NA	DOK2
NA	DOK4
NA	DOLK
NA	DOLPP1
NA	DOT1L
NA	DPAGT1
NA	DPEP2
NA	DPF1
NA	DPH2
NA	DPH5
NA	DPM1
NA	DPM2
NA	DPM3
NA	DPP3
NA	DPP8
NA	DPPA5
NA	DPY19L2
NA	DPYSL2
NA	DPYSL3
NA	DR1
NA	DRAM2
NA	DRD4
NA	DRG1
NA	DRG2
NA	DSCC1
NA	DSCR4
NA	DSN1
NA	DSTYK
NA	DTD1
NA	DTWD1
NA	DTX3L
NA	DUOXA1
NA	DUOXA2
NA	DUS1L
NA	DUS3L
NA	DUS4L
NA	DUSP1
NA	DUSP10
NA	DUSP11
NA	DUSP14
NA	DUSP22
NA	DUSP23
NA	DUSP3
NA	DUSP5
NA	DUSP7
NA	DUXA
NA	DVL2
NA	DYDC1
NA	DYNC1LI1
NA	DYNC1LI2
NA	DYNC2LI1
NA	DYNLL2
NA	DYNLRB1
NA	DYNLRB2
NA	DYRK1A
NA	DYRK2
NA	DYRK3
NA	DYRK4
NA	DYTN
NA	E2F4
NA	E2F6
NA	EAPP
NA	EARS2
NA	EBAG9
NA	EBF3
NA	EBI3
NA	EBLN2
NA	EBNA1BP2
NA	EBPL
NA	ECD
NA	ECHDC2
NA	ECHDC3
NA	ECI1
NA	ECI2
NA	ECSCR
NA	ECSIT
NA	ECT2
NA	EDC4
NA	EDDM3B
NA	EDEM3
NA	EDF1
NA	EDIL3
NA	EDNRB
NA	EED
NA	EEF1A1
NA	EEF1A2
NA	EEF1B2
NA	EEF1E1
NA	EEF1G
NA	EEPD1
NA	EFCAB1
NA	EFCAB11
NA	EFCAB2
NA	EFCAB7
NA	EFEMP2
NA	EFHD1
NA	EFHD2
NA	EFNA1
NA	EFNA2
NA	EFS
NA	EGLN2
NA	EGLN3
NA	EGR3
NA	EGR4
NA	EHBP1
NA	EHD4
NA	EHF
NA	EHHADH
NA	EHMT2
NA	EI24
NA	EID1
NA	EID2B
NA	EID3
NA	EIF2A
NA	EIF2AK1
NA	EIF2AK2
NA	EIF2AK3
NA	EIF2B1
NA	EIF2B2
NA	EIF2B3
NA	EIF2B4
NA	EIF2B5
NA	EIF2D
NA	EIF2S1
NA	EIF3C
NA	EIF3D
NA	EIF3G
NA	EIF3H
NA	EIF3J
NA	EIF3K
NA	EIF4A1
NA	EIF4A3
NA	EIF4E
NA	EIF4E3
NA	EIF4EBP1
NA	EIF4ENIF1
NA	EIF4H
NA	EIF5A2
NA	EIF5AL1
NA	EIF5B
NA	EIF6
NA	ELANE
NA	ELAVL1
NA	ELF1
NA	ELK3
NA	ELMO2
NA	ELMOD2
NA	ELMOD3
NA	ELOF1
NA	ELOVL1
NA	ELOVL2
NA	ELOVL5
NA	ELOVL6
NA	ELSPBP1
NA	EMD
NA	EME2
NA	EML4
NA	EMP2
NA	EMP3
NA	EMX1
NA	EMX2
NA	EN1
NA	ENDOU
NA	ENDOV
NA	ENHO
NA	ENO1
NA	ENO2
NA	ENOSF1
NA	ENPP2
NA	ENTPD4
NA	EOMES
NA	EPC1
NA	EPDR1
NA	EPGN
NA	EPHA5
NA	EPHX3
NA	EPHX4
NA	EPN2
NA	EPOR
NA	EPS15
NA	EPS15L1
NA	EPS8
NA	ERBB3
NA	ERC1
NA	ERCC1
NA	ERCC2
NA	ERCC3
NA	ERF
NA	ERH
NA	ERI1
NA	ERI2
NA	ERI3
NA	ERLEC1
NA	ERLIN2
NA	ERMN
NA	ERP27
NA	ERVW-1
NA	ESAM
NA	ESCO1
NA	ESCO2
NA	ESD
NA	ESYT1
NA	ESYT2
NA	ETAA1
NA	ETF1
NA	ETFA
NA	ETFB
NA	ETHE1
NA	ETNK2
NA	ETV2
NA	ETV3
NA	ETV4
NA	ETV7
NA	EVI2B
NA	EVI5
NA	EVL
NA	EVX1
NA	EXOC2
NA	EXOC7
NA	EXOG
NA	EXOSC1
NA	EXOSC2
NA	EXOSC5
NA	EXOSC8
NA	EXT1
NA	EXTL1
NA	EYA3
NA	F12
NA	F13A1
NA	F2R
NA	FA2H
NA	FABP3
NA	FABP4
NA	FABP5
NA	FADS2
NA	FADS3
NA	FAF1
NA	FAF2
NA	FAIM2
NA	FAM104A
NA	FAM104B
NA	FAM107A
NA	FAM107B
NA	FAM110A
NA	FAM114A1
NA	FAM118A
NA	FAM120A
NA	FAM122A
NA	FAM122B
NA	FAM124B
NA	FAM126B
NA	FAM131A
NA	FAM136A
NA	FAM13B
NA	FAM149A
NA	FAM151A
NA	FAM151B
NA	FAM153A
NA	FAM153B
NA	FAM153C
NA	FAM162B
NA	FAM163B
NA	FAM166B
NA	FAM167A
NA	FAM168A
NA	FAM168B
NA	FAM169B
NA	FAM172A
NA	FAM174B
NA	FAM183A
NA	FAM186B
NA	FAM187B
NA	FAM199X
NA	FAM19A3
NA	FAM19A4
NA	FAM200A
NA	FAM206A
NA	FAM207A
NA	FAM208A
NA	FAM20A
NA	FAM20B
NA	FAM20C
NA	FAM210B
NA	FAM216A
NA	FAM216B
NA	FAM217B
NA	FAM218A
NA	FAM222B
NA	FAM24A
NA	FAM24B
NA	FAM3B
NA	FAM3C
NA	FAM45A
NA	FAM49B
NA	FAM50B
NA	FAM53B
NA	FAM57A
NA	FAM57B
NA	FAM71C
NA	FAM71E1
NA	FAM71F1
NA	FAM71F2
NA	FAM72A
NA	FAM76A
NA	FAM76B
NA	FAM78B
NA	FAM81A
NA	FAM83C
NA	FAM84A
NA	FAM84B
NA	FAM86B1
NA	FAM89A
NA	FAM8A1
NA	FAM91A1
NA	FAM92B
NA	FAM98A
NA	FAM98C
NA	FAN1
NA	FANCC
NA	FANCE
NA	FANCF
NA	FANCG
NA	FANCL
NA	FANK1
NA	FAS
NA	FASTKD1
NA	FASTKD2
NA	FAXC
NA	FBLN7
NA	FBP1
NA	FBXL12
NA	FBXL14
NA	FBXL17
NA	FBXL2
NA	FBXL20
NA	FBXL22
NA	FBXL4
NA	FBXL6
NA	FBXL8
NA	FBXO2
NA	FBXO21
NA	FBXO25
NA	FBXO28
NA	FBXO3
NA	FBXO32
NA	FBXO33
NA	FBXO4
NA	FBXO47
NA	FBXO48
NA	FBXO5
NA	FBXO6
NA	FBXO8
NA	FBXO9
NA	FBXW11
NA	FBXW12
NA	FBXW5
NA	FCER2
NA	FCGR1B
NA	FCGR3A
NA	FCGRT
NA	FCHO1
NA	FCHSD1
NA	FCHSD2
NA	FCN3
NA	FCRL2
NA	FCRLB
NA	FDCSP
NA	FDFT1
NA	FDX1
NA	FDXACB1
NA	FEM1B
NA	FERMT3
NA	FES
NA	FEZ2
NA	FEZF2
NA	FFAR2
NA	FGD4
NA	FGF21
NA	FGF8
NA	FGFBP2
NA	FGFBP3
NA	FGFR1OP
NA	FGFR1OP2
NA	FH
NA	FHL2
NA	FIBP
NA	FIGLA
NA	FIGN
NA	FIGNL1
NA	FILIP1
NA	FIS1
NA	FITM2
NA	FKBP11
NA	FKBP14
NA	FKBP3
NA	FKBPL
NA	FKRP
NA	FKTN
NA	FLOT1
NA	FLT3LG
NA	FLVCR1
NA	FLYWCH2
NA	FMN1
NA	FNDC3B
NA	FNDC4
NA	FNDC9
NA	FNTA
NA	FOLH1
NA	FOSB
NA	FOXA3
NA	FOXB1
NA	FOXB2
NA	FOXD1
NA	FOXD4L3
NA	FOXD4L5
NA	FOXE1
NA	FOXE3
NA	FOXJ3
NA	FOXL2
NA	FOXP4
NA	FOXRED1
NA	FPGS
NA	FRG1
NA	FRMD6
NA	FRRS1L
NA	FRZB
NA	FSCN1
NA	FSTL3
NA	FTCD
NA	FTH1
NA	FTL
NA	FTO
NA	FTSJ3
NA	FUBP3
NA	FUNDC2
NA	FUT1
NA	FUT11
NA	FUT2
NA	FUT4
NA	FUT7
NA	FUZ
NA	FXN
NA	FXR1
NA	FXR2
NA	FXYD1
NA	FXYD3
NA	FXYD4
NA	FXYD5
NA	FXYD6-FXYD2
NA	FXYD7
NA	FYTTD1
NA	FZD3
NA	FZD5
NA	FZD6
NA	FZD7
NA	FZD8
NA	G2E3
NA	G3BP1
NA	G3BP2
NA	GAB1
NA	GABARAP
NA	GABPB1
NA	GABRG1
NA	GABRR2
NA	GADD45B
NA	GADD45G
NA	GAGE2B
NA	GAL3ST4
NA	GALE
NA	GALK1
NA	GALK2
NA	GALM
NA	GALNT11
NA	GALNT2
NA	GALR3
NA	GAMT
NA	GAN
NA	GAPDH
NA	GAPDHS
NA	GARNL3
NA	GARS
NA	GAS2L3
NA	GAS8
NA	GAST
NA	GATA4
NA	GATA5
NA	GATA6
NA	GATAD1
NA	GATAD2A
NA	GATAD2B
NA	GATC
NA	GATM
NA	GBP3
NA	GBP4
NA	GBX1
NA	GCDH
NA	GCFC2
NA	GCH1
NA	GCHFR
NA	GCLM
NA	GCM1
NA	GCM2
NA	GCNT3
NA	GDAP1L1
NA	GDF11
NA	GDF5OS
NA	GDF7
NA	GDPD1
NA	GDPD3
NA	GEMIN6
NA	GEMIN7
NA	GEN1
NA	GET4
NA	GFER
NA	GFI1
NA	GFOD2
NA	GFPT1
NA	GFPT2
NA	GFRA2
NA	GGA1
NA	GGA2
NA	GGCT
NA	GGCX
NA	GGH
NA	GGNBP2
NA	GGPS1
NA	GGT7
NA	GGTLC1
NA	GGTLC2
NA	GHITM
NA	GHRH
NA	GHRL
NA	GHSR
NA	GIMAP6
NA	GINS1
NA	GINS2
NA	GINS3
NA	GIP
NA	GIPC2
NA	GIPC3
NA	GIPR
NA	GJA3
NA	GJB2
NA	GJB3
NA	GJB6
NA	GJB7
NA	GJC2
NA	GJC3
NA	GJD4
NA	GKN1
NA	GLA
NA	GLB1
NA	GLB1L
NA	GLCE
NA	GLIPR1L1
NA	GLIS2
NA	GLOD4
NA	GLT8D1
NA	GLUL
NA	GLYR1
NA	GMCL1
NA	GMFG
NA	GMPPA
NA	GMPPB
NA	GMPR
NA	GMPR2
NA	GMPS
NA	GNA11
NA	GNA14
NA	GNA15
NA	GNAI1
NA	GNAI3
NA	GNAL
NA	GNAO1
NA	GNAT1
NA	GNB1
NA	GNB2
NA	GNB3
NA	GNB4
NA	GNB5
NA	GNG2
NA	GNG3
NA	GNG7
NA	GNG8
NA	GNGT1
NA	GNGT2
NA	GNL2
NA	GNL3
NA	GNLY
NA	GNMT
NA	GNPAT
NA	GNPDA2
NA	GNPTAB
NA	GNRH2
NA	GNRHR
NA	GNS
NA	GOLGA3
NA	GOLGA5
NA	GOLGA6C
NA	GOLGA6D
NA	GOLGA7
NA	GOLGA7B
NA	GOLGA8A
NA	GOLIM4
NA	GORASP1
NA	GOSR2
NA	GOT1
NA	GPA33
NA	GPANK1
NA	GPBAR1
NA	GPBP1L1
NA	GPC1
NA	GPC2
NA	GPCPD1
NA	GPD1
NA	GPD1L
NA	GPD2
NA	GPHA2
NA	GPI
NA	GPM6A
NA	GPN1
NA	GPN2
NA	GPN3
NA	GPNMB
NA	GPR1
NA	GPR107
NA	GPR108
NA	GPR132
NA	GPR135
NA	GPR146
NA	GPR15
NA	GPR151
NA	GPR157
NA	GPR17
NA	GPR173
NA	GPR183
NA	GPR21
NA	GPR22
NA	GPR25
NA	GPR34
NA	GPR35
NA	GPR37
NA	GPR4
NA	GPR52
NA	GPR55
NA	GPR6
NA	GPR62
NA	GPR85
NA	GPR87
NA	GPR89A
NA	GPRC5A
NA	GPRIN2
NA	GPS2
NA	GPSM2
NA	GPSM3
NA	GPT
NA	GPX1
NA	GPX3
NA	GRAMD1C
NA	GRAMD4
NA	GRAP
NA	GRAP2
NA	GRASP
NA	GREB1
NA	GRHL2
NA	GRHL3
NA	GRHPR
NA	GRINA
NA	GRK4
NA	GRP
NA	GRPEL1
NA	GSC
NA	GSDMD
NA	GSG1
NA	GSG1L
NA	GSPT1
NA	GSS
NA	GSTA3
NA	GSTA5
NA	GSTK1
NA	GSTM3
NA	GSTM5
NA	GSTO1
NA	GSTO2
NA	GSTP1
NA	GSTT2
NA	GSTZ1
NA	GSX2
NA	GTF2A1
NA	GTF2A2
NA	GTF2B
NA	GTF2E1
NA	GTF2F1
NA	GTF2F2
NA	GTF2H3
NA	GTF2H4
NA	GTF2IRD2B
NA	GTF3C4
NA	GTF3C5
NA	GTF3C6
NA	GTPBP10
NA	GTPBP2
NA	GTPBP3
NA	GTPBP6
NA	GTPBP8
NA	GTSF1L
NA	GUCA1A
NA	GUCA1B
NA	GUCA2B
NA	GUK1
NA	GULP1
NA	GXYLT1
NA	GYG1
NA	GYPC
NA	GYS2
NA	H1F0
NA	H2AFJ
NA	H2AFX
NA	H2AFY
NA	H3F3B
NA	HACL1
NA	HADHA
NA	HAGH
NA	HAMP
NA	HAND1
NA	HAO1
NA	HAPLN2
NA	HARS
NA	HAT1
NA	HAUS1
NA	HAUS3
NA	HAUS5
NA	HAUS8
NA	HAVCR2
NA	HBA1
NA	HBD
NA	HBEGF
NA	HBM
NA	HBP1
NA	HBZ
NA	HCG27
NA	HCN2
NA	HCST
NA	HDAC2
NA	HDAC7
NA	HDGF
NA	HDGFRP2
NA	HDGFRP3
NA	HDHD2
NA	HDHD3
NA	HDLBP
NA	HEBP1
NA	HECA
NA	HECTD2
NA	HELLS
NA	HELQ
NA	HELZ
NA	HEMK1
NA	HERPUD1
NA	HES1
NA	HES2
NA	HEXA
NA	HEXB
NA	HEXIM1
NA	HEY1
NA	HEY2
NA	HGS
NA	HHLA3
NA	HIBADH
NA	HIBCH
NA	HIC1
NA	HIF1AN
NA	HIGD1C
NA	HILPDA
NA	HIRIP3
NA	HIST1H1C
NA	HIST1H1D
NA	HIST1H1E
NA	HIST1H1T
NA	HIST1H2AB
NA	HIST1H2AG
NA	HIST1H2AK
NA	HIST1H2BA
NA	HIST1H2BB
NA	HIST1H2BC
NA	HIST1H2BG
NA	HIST1H2BH
NA	HIST1H2BI
NA	HIST1H2BJ
NA	HIST1H2BK
NA	HIST1H2BM
NA	HIST1H2BN
NA	HIST1H2BO
NA	HIST1H3A
NA	HIST1H3F
NA	HIST1H3I
NA	HIST1H3J
NA	HIST1H4B
NA	HIST1H4C
NA	HIST1H4D
NA	HIST1H4F
NA	HIST1H4H
NA	HIST1H4I
NA	HIST1H4J
NA	HIST1H4K
NA	HIST2H2BE
NA	HIST2H2BF
NA	HIST3H3
NA	HIST4H4
NA	HK1
NA	HLA-C
NA	HLA-DQA2
NA	HLCS
NA	HLTF
NA	HMGA2
NA	HMGB1
NA	HMGB2
NA	HMGB3
NA	HMGCS1
NA	HMGN1
NA	HMGN4
NA	HMOX1
NA	HMX2
NA	HNMT
NA	HNRNPA0
NA	HNRNPA1
NA	HNRNPA3
NA	HNRNPC
NA	HNRNPD
NA	HNRNPH1
NA	HNRNPH2
NA	HNRNPH3
NA	HNRNPK
NA	HNRNPU
NA	HNRNPUL2
NA	HOMER1
NA	HOMEZ
NA	HOOK2
NA	HOOK3
NA	HOXA13
NA	HOXA2
NA	HOXA7
NA	HOXB2
NA	HOXB6
NA	HOXB7
NA	HOXB9
NA	HOXC11
NA	HOXC13
NA	HOXC6
NA	HOXC8
NA	HOXD10
NA	HOXD3
NA	HOXD8
NA	HPCAL1
NA	HPDL
NA	HPGD
NA	HPGDS
NA	HPN
NA	HPS3
NA	HPSE2
NA	HRASLS2
NA	HRCT1
NA	HRH2
NA	HSCB
NA	HSD11B2
NA	HSD17B1
NA	HSD17B10
NA	HSD17B11
NA	HSD17B12
NA	HSD17B4
NA	HSD17B8
NA	HSD3B7
NA	HSDL1
NA	HSDL2
NA	HSH2D
NA	HSP90AB1
NA	HSPA12A
NA	HSPA13
NA	HSPA14
NA	HSPA8
NA	HSPA9
NA	HSPB9
NA	HSPBAP1
NA	HSPBP1
NA	HSPD1
NA	HSPE1-MOB4
NA	HSPG2
NA	HSPH1
NA	HTATIP2
NA	HTR2B
NA	HTR3D
NA	HTR6
NA	HTRA1
NA	HTRA2
NA	HTRA4
NA	HYAL2
NA	HYAL3
NA	HYI
NA	HYOU1
NA	IAPP
NA	ICAM1
NA	ICAM3
NA	ICMT
NA	ICOS
NA	ICOSLG
NA	ID1
NA	ID2
NA	IDH3B
NA	IDI1
NA	IDUA
NA	IER5
NA	IFI16
NA	IFI27
NA	IFI27L2
NA	IFI30
NA	IFI35
NA	IFI44
NA	IFIT1B
NA	IFIT2
NA	IFIT3
NA	IFIT5
NA	IFITM1
NA	IFITM2
NA	IFITM3
NA	IFITM5
NA	IFNA1
NA	IFNA10
NA	IFNA2
NA	IFNA4
NA	IFNAR1
NA	IFNAR2
NA	IFNE
NA	IFNGR2
NA	IFNK
NA	IFRD1
NA	IFT27
NA	IFT43
NA	IFT46
NA	IFT57
NA	IFT80
NA	IFT81
NA	IGF1
NA	IGF2
NA	IGF2BP1
NA	IGF2BP2
NA	IGFBP2
NA	IGFBP3
NA	IGFL1
NA	IGFL3
NA	IGFL4
NA	IGIP
NA	IGLON5
NA	IGSF11
NA	IGSF3
NA	IGSF6
NA	IKZF4
NA	IKZF5
NA	IL10
NA	IL12A
NA	IL12B
NA	IL15
NA	IL17A
NA	IL17C
NA	IL17D
NA	IL17F
NA	IL17RA
NA	IL17RB
NA	IL17RC
NA	IL17RE
NA	IL18
NA	IL18BP
NA	IL1R2
NA	IL1RAP
NA	IL2
NA	IL20RB
NA	IL22
NA	IL22RA2
NA	IL24
NA	IL25
NA	IL26
NA	IL27
NA	IL27RA
NA	IL36G
NA	IL3RA
NA	IL6
NA	IL7
NA	ILF2
NA	ILKAP
NA	ILVBL
NA	IMMT
NA	IMP3
NA	IMP4
NA	IMPA1
NA	IMPACT
NA	IMPAD1
NA	IMPDH1
NA	ING2
NA	ING3
NA	ING4
NA	ING5
NA	INPP1
NA	INPP4A
NA	INPP5B
NA	INPP5E
NA	INPP5K
NA	INSC
NA	INSIG1
NA	INSIG2
NA	INSL3
NA	INSM1
NA	INSM2
NA	INTS10
NA	INTS6
NA	INTS7
NA	INTU
NA	IP6K1
NA	IP6K2
NA	IPMK
NA	IPO7
NA	IPP
NA	IPPK
NA	IQCD
NA	IQCF1
NA	IQCF2
NA	IQCF3
NA	IQCK
NA	IRAK4
NA	IREB2
NA	IRF2BP1
NA	IRF2BP2
NA	IRF3
NA	IRF5
NA	IRF9
NA	IRX1
NA	IRX2
NA	IRX3
NA	ISCA2
NA	ISG15
NA	ISG20
NA	ISL1
NA	ISL2
NA	ISLR2
NA	ISOC1
NA	ISPD
NA	ISYNA1
NA	ITCH
NA	ITGA6
NA	ITGAD
NA	ITGB1BP1
NA	ITGB1BP2
NA	ITGB3BP
NA	ITM2C
NA	ITPA
NA	ITPK1
NA	ITPKA
NA	ITPKC
NA	ITPRIPL1
NA	ITPRIPL2
NA	ITSN1
NA	IWS1
NA	IZUMO1
NA	IZUMO2
NA	IZUMO4
NA	JKAMP
NA	JMJD6
NA	JRKL
NA	KAAG1
NA	KANK3
NA	KANSL1L
NA	KANSL2
NA	KAT2B
NA	KATNA1
NA	KATNB1
NA	KAZALD1
NA	KBTBD11
NA	KBTBD4
NA	KBTBD6
NA	KCMF1
NA	KCNA3
NA	KCNA7
NA	KCNC3
NA	KCNC4
NA	KCNE1
NA	KCNE2
NA	KCNE3
NA	KCNE4
NA	KCNG2
NA	KCNIP1
NA	KCNIP2
NA	KCNIP3
NA	KCNIP4
NA	KCNJ10
NA	KCNJ11
NA	KCNJ13
NA	KCNJ8
NA	KCNK16
NA	KCNK3
NA	KCNK6
NA	KCNMB3
NA	KCNMB4
NA	KCNS1
NA	KCTD1
NA	KCTD12
NA	KCTD15
NA	KCTD2
NA	KCTD21
NA	KCTD4
NA	KCTD6
NA	KCTD9
NA	KDELC1
NA	KDELR1
NA	KDELR3
NA	KDM1A
NA	KDM1B
NA	KDM2A
NA	KDM4E
NA	KDSR
NA	KEAP1
NA	KHDRBS1
NA	KHDRBS2
NA	KHK
NA	KHSRP
NA	KIAA0232
NA	KIAA0391
NA	KIAA0825
NA	KIAA0895
NA	KIAA1147
NA	KIAA1841
NA	KIF11
NA	KIF20A
NA	KIF21A
NA	KIF3A
NA	KIF3B
NA	KIF5B
NA	KIF7
NA	KIF9
NA	KIFC2
NA	KIFC3
NA	KLC1
NA	KLC2
NA	KLC3
NA	KLC4
NA	KLF1
NA	KLF10
NA	KLF13
NA	KLF14
NA	KLF7
NA	KLF9
NA	KLHDC2
NA	KLHDC7B
NA	KLHDC8A
NA	KLHDC8B
NA	KLHDC9
NA	KLHL10
NA	KLHL11
NA	KLHL12
NA	KLHL2
NA	KLHL21
NA	KLHL23
NA	KLHL28
NA	KLHL30
NA	KLHL34
NA	KLHL35
NA	KLHL38
NA	KLHL7
NA	KLHL8
NA	KLK1
NA	KLK10
NA	KLK11
NA	KLK13
NA	KLK14
NA	KLK2
NA	KLK6
NA	KLRB1
NA	KLRC1
NA	KLRC4
NA	KLRD1
NA	KLRG1
NA	KLRG2
NA	KPNA1
NA	KPNA3
NA	KPNA5
NA	KPNA6
NA	KPNB1
NA	KPTN
NA	KRBOX1
NA	KRCC1
NA	KRI1
NA	KRIT1
NA	KRR1
NA	KRT27
NA	KRT34
NA	KRT36
NA	KRT6A
NA	KRT6C
NA	KRT72
NA	KRT8
NA	KRT80
NA	KRT85
NA	KRT86
NA	KRTAP1-3
NA	KRTAP10-11
NA	KRTAP10-2
NA	KRTAP10-4
NA	KRTAP10-8
NA	KRTAP10-9
NA	KRTAP12-1
NA	KRTAP12-2
NA	KRTAP12-4
NA	KRTAP13-2
NA	KRTAP13-3
NA	KRTAP13-4
NA	KRTAP15-1
NA	KRTAP19-1
NA	KRTAP19-2
NA	KRTAP19-3
NA	KRTAP19-5
NA	KRTAP19-6
NA	KRTAP19-8
NA	KRTAP21-2
NA	KRTAP22-1
NA	KRTAP23-1
NA	KRTAP24-1
NA	KRTAP3-2
NA	KRTAP4-1
NA	KRTAP4-11
NA	KRTAP4-7
NA	KRTAP5-11
NA	KRTAP5-2
NA	KRTAP5-3
NA	KRTAP5-6
NA	KRTAP5-7
NA	KRTAP6-1
NA	KRTAP6-2
NA	KRTAP8-1
NA	KRTAP9-2
NA	KRTAP9-8
NA	KRTCAP3
NA	KRTDAP
NA	KSR1
NA	KY
NA	L2HGDH
NA	L3MBTL2
NA	LACRT
NA	LACTB
NA	LACTB2
NA	LAMTOR2
NA	LANCL2
NA	LAP3
NA	LAPTM4A
NA	LARP6
NA	LASP1
NA	LAX1
NA	LBH
NA	LBP
NA	LBR
NA	LBX2
NA	LCA5L
NA	LCE1C
NA	LCE1E
NA	LCE2B
NA	LCE2C
NA	LCE2D
NA	LCE3D
NA	LCE4A
NA	LCLAT1
NA	LCMT2
NA	LCN10
NA	LCN6
NA	LCN8
NA	LCORL
NA	LDB1
NA	LDHA
NA	LDHAL6A
NA	LDHAL6B
NA	LDHB
NA	LDLRAD2
NA	LDLRAP1
NA	LECT2
NA	LEF1
NA	LEMD1
NA	LEMD2
NA	LENEP
NA	LENG8
NA	LENG9
NA	LEO1
NA	LETM1
NA	LETM2
NA	LETMD1
NA	LFNG
NA	LGALS16
NA	LGALS3BP
NA	LGALS8
NA	LGALSL
NA	LGI4
NA	LGMN
NA	LGR4
NA	LHFPL2
NA	LHFPL3
NA	LHX3
NA	LHX8
NA	LHX9
NA	LIAS
NA	LIF
NA	LIM2
NA	LIMS1
NA	LIMS2
NA	LIN28A
NA	LIN52
NA	LIN54
NA	LIN7B
NA	LIN9
NA	LIPG
NA	LIPH
NA	LIX1L
NA	LLPH
NA	LMBR1L
NA	LMCD1
NA	LMLN
NA	LMNB1
NA	LMNB2
NA	LMO2
NA	LMO3
NA	LMO4
NA	LMO7
NA	LMOD3
NA	LMX1B
NA	LOX
NA	LOXL1
NA	LOXL3
NA	LPAR2
NA	LPAR5
NA	LPAR6
NA	LPCAT1
NA	LPCAT2
NA	LPCAT4
NA	LPGAT1
NA	LPP
NA	LPPR3
NA	LPXN
NA	LRCH1
NA	LRCH3
NA	LRFN4
NA	LRP11
NA	LRP12
NA	LRPAP1
NA	LRPPRC
NA	LRR1
NA	LRRC14
NA	LRRC19
NA	LRRC2
NA	LRRC28
NA	LRRC36
NA	LRRC37A2
NA	LRRC39
NA	LRRC40
NA	LRRC41
NA	LRRC47
NA	LRRC49
NA	LRRC57
NA	LRRC58
NA	LRRC59
NA	LRRC71
NA	LRRC73
NA	LRRC8B
NA	LRRCC1
NA	LRRFIP2
NA	LRRN4
NA	LRRTM1
NA	LRRTM2
NA	LRWD1
NA	LSG1
NA	LSM3
NA	LSM6
NA	LSM7
NA	LSP1
NA	LSS
NA	LTB4R
NA	LTBR
NA	LUC7L
NA	LUC7L3
NA	LURAP1
NA	LURAP1L
NA	LY6D
NA	LY6E
NA	LY6G5B
NA	LY6G6C
NA	LY6H
NA	LYAR
NA	LYG1
NA	LYL1
NA	LYPD2
NA	LYPD3
NA	LYPD4
NA	LYPD5
NA	LYPD6
NA	LYPD6B
NA	LYPLA1
NA	LYRM1
NA	LYRM4
NA	LYSMD1
NA	LYSMD2
NA	LYSMD4
NA	LYZ
NA	LYZL2
NA	LYZL4
NA	LZIC
NA	M6PR
NA	MACROD2
NA	MAD2L1
NA	MAD2L1BP
NA	MAD2L2
NA	MADCAM1
NA	MAEA
NA	MAFG
NA	MAFK
NA	MAGOH
NA	MAGOHB
NA	MAK16
NA	MAL
NA	MALL
NA	MALSU1
NA	MAML1
NA	MAML3
NA	MAMSTR
NA	MAN1C1
NA	MAN2C1
NA	MANEAL
NA	MANF
NA	MANSC1
NA	MAP1LC3A
NA	MAP1LC3B2
NA	MAP1LC3C
NA	MAP2K2
NA	MAP2K3
NA	MAP2K4
NA	MAP2K5
NA	MAP2K6
NA	MAP3K13
NA	MAP3K3
NA	MAP3K7
NA	MAP3K8
NA	MAP4K5
NA	MAP9
NA	MAPK1
NA	MAPK11
NA	MAPK12
NA	MAPK14
NA	MAPK1IP1L
NA	MAPK3
NA	MAPK4
NA	MAPK6
NA	MAPK8
NA	MAPK8IP1
NA	MAPK8IP3
NA	MAPK9
NA	MAPKAPK5
NA	MAPRE2
NA	MAPRE3
NA	MARC1
NA	MARC2
NA	MARCH3
NA	MARCH5
NA	MARCH8
NA	MARCH9
NA	MARCKS
NA	MARCKSL1
NA	MARS
NA	MARS2
NA	MATN2
NA	MAU2
NA	MAVS
NA	MB
NA	MB21D2
NA	MBD1
NA	MBD3
NA	MBD4
NA	MBD6
NA	MBIP
NA	MBLAC2
NA	MBNL3
NA	MBOAT1
NA	MBOAT2
NA	MBP
NA	MC4R
NA	MCCC1
NA	MCCC2
NA	MCCD1
NA	MCEE
NA	MCHR1
NA	MCM7
NA	MCMBP
NA	MCOLN3
NA	MCRS1
NA	MCTS1
NA	MDFIC
NA	MDH2
NA	MDM4
NA	ME3
NA	MEA1
NA	MEAF6
NA	MED15
NA	MED20
NA	MED25
NA	MED27
NA	MED29
NA	MED4
NA	MED6
NA	MED7
NA	MED9
NA	MEF2A
NA	MEF2B
NA	MEF2D
NA	MEIG1
NA	MEMO1
NA	MEOX1
NA	MEOX2
NA	MESP1
NA	METAP1
NA	METTL1
NA	METTL14
NA	METTL15
NA	METTL21A
NA	METTL21C
NA	METTL2A
NA	METTL2B
NA	METTL3
NA	METTL5
NA	METTL7A
NA	METTL8
NA	MFAP1
NA	MFAP2
NA	MFAP3
NA	MFAP3L
NA	MFAP4
NA	MFAP5
NA	MFF
NA	MFN2
NA	MFNG
NA	MFSD1
NA	MFSD11
NA	MFSD8
NA	MFSD9
NA	MGARP
NA	MGAT1
NA	MGAT2
NA	MGAT4A
NA	MGAT4C
NA	MGAT5
NA	MGLL
NA	MGST1
NA	MGST3
NA	MIA
NA	MIB1
NA	MID1IP1
NA	MIER1
NA	MINOS1
NA	MIOX
NA	MIPOL1
NA	MIS18BP1
NA	MITD1
NA	MITF
NA	MIXL1
NA	MKLN1
NA	MKNK1
NA	MKNK2
NA	MKRN1
NA	MKRN3
NA	MLANA
NA	MLEC
NA	MLF1
NA	MLF2
NA	MLLT10
NA	MLLT3
NA	MLN
NA	MLST8
NA	MLX
NA	MLYCD
NA	MMD
NA	MMD2
NA	MMP16
NA	MMP21
NA	MMP23B
NA	MMP24
NA	MMP28
NA	MMP7
NA	MMP8
NA	MMP9
NA	MMS19
NA	MMS22L
NA	MNAT1
NA	MND1
NA	MNS1
NA	MNX1
NA	MOAP1
NA	MOB1A
NA	MOB3B
NA	MOB3C
NA	MOBP
NA	MOCOS
NA	MOGS
NA	MOK
NA	MON1A
NA	MON2
NA	MORC3
NA	MORF4L1
NA	MORF4L2
NA	MORN3
NA	MORN4
NA	MOSPD1
NA	MPG
NA	MPHOSPH10
NA	MPHOSPH9
NA	MPLKIP
NA	MPND
NA	MPP2
NA	MPP5
NA	MPPE1
NA	MPRIP
NA	MPV17
NA	MPV17L
NA	MPZL2
NA	MPZL3
NA	MRAP
NA	MRAS
NA	MREG
NA	MRGPRX3
NA	MRI1
NA	MRM1
NA	MRPL1
NA	MRPL14
NA	MRPL15
NA	MRPL16
NA	MRPL19
NA	MRPL2
NA	MRPL20
NA	MRPL27
NA	MRPL28
NA	MRPL3
NA	MRPL30
NA	MRPL32
NA	MRPL35
NA	MRPL39
NA	MRPL4
NA	MRPL40
NA	MRPL41
NA	MRPL43
NA	MRPL44
NA	MRPL46
NA	MRPL47
NA	MRPL49
NA	MRPL51
NA	MRPL52
NA	MRPL53
NA	MRPL54
NA	MRPL55
NA	MRPS11
NA	MRPS14
NA	MRPS15
NA	MRPS18A
NA	MRPS18C
NA	MRPS2
NA	MRPS22
NA	MRPS23
NA	MRPS25
NA	MRPS26
NA	MRPS28
NA	MRPS30
NA	MRPS31
NA	MRPS33
NA	MRPS34
NA	MRPS35
NA	MRPS7
NA	MRPS9
NA	MRRF
NA	MRS2
NA	MS4A13
NA	MS4A2
NA	MS4A3
NA	MS4A4A
NA	MS4A5
NA	MS4A6A
NA	MS4A6E
NA	MS4A7
NA	MSANTD4
NA	MSC
NA	MSGN1
NA	MSH6
NA	MSL2
NA	MSMB
NA	MSRB1
NA	MST1
NA	MSTO1
NA	MSX1
NA	MSX2
NA	MT1A
NA	MT1F
NA	MT2A
NA	MTA3
NA	MTCH2
NA	MTFMT
NA	MTFR1
NA	MTG1
NA	MTHFD1L
NA	MTHFD2
NA	MTIF2
NA	MTIF3
NA	MTMR10
NA	MTMR2
NA	MTMR9
NA	MTO1
NA	MTPAP
NA	MTPN
NA	MTRF1
NA	MTRF1L
NA	MTSS1
NA	MTSS1L
NA	MTX1
NA	MTX2
NA	MTX3
NA	MUC1
NA	MUC3A
NA	MUC6
NA	MUL1
NA	MVD
NA	MVK
NA	MXD1
NA	MYADM
NA	MYBL1
NA	MYBPHL
NA	MYC
NA	MYD88
NA	MYEF2
NA	MYL1
NA	MYL10
NA	MYL12A
NA	MYL12B
NA	MYL4
NA	MYL5
NA	MYL6B
NA	MYLIP
NA	MYLK4
NA	MYLPF
NA	MYNN
NA	MYO5A
NA	MYOG
NA	MYOZ3
NA	MYPOP
NA	MZF1
NA	N4BP2L1
NA	N6AMT1
NA	NAA10
NA	NAA15
NA	NAA60
NA	NAAA
NA	NAALADL1
NA	NAB1
NA	NAB2
NA	NACA2
NA	NACC1
NA	NACC2
NA	NADK
NA	NAE1
NA	NAGA
NA	NAGK
NA	NAGPA
NA	NAMPT
NA	NANOG
NA	NANOS1
NA	NANOS2
NA	NANP
NA	NANS
NA	NAP1L4
NA	NAP1L5
NA	NAPA
NA	NARS2
NA	NASP
NA	NAT1
NA	NAT14
NA	NAT8L
NA	NAT9
NA	NBEAL1
NA	NBL1
NA	NBPF1
NA	NBPF10
NA	NBPF14
NA	NBPF16
NA	NCALD
NA	NCAPH
NA	NCBP1
NA	NCEH1
NA	NCF1
NA	NCK2
NA	NCL
NA	NCLN
NA	NCOA4
NA	NCS1
NA	NCSTN
NA	NDE1
NA	NDFIP2
NA	NDP
NA	NDRG3
NA	NDRG4
NA	NDST1
NA	NDST2
NA	NDUFA4
NA	NDUFA6
NA	NDUFA9
NA	NDUFAB1
NA	NDUFAF1
NA	NDUFB2
NA	NDUFB4
NA	NDUFB7
NA	NDUFB9
NA	NDUFC2-KCTD14
NA	NDUFS1
NA	NDUFS2
NA	NDUFS3
NA	NDUFS5
NA	NDUFS6
NA	NDUFV1
NA	NDUFV2
NA	NDUFV3
NA	NECAB2
NA	NECAP1
NA	NECAP2
NA	NEDD4
NA	NEDD9
NA	NEIL2
NA	NEK11
NA	NEK3
NA	NEK6
NA	NEK7
NA	NEU1
NA	NEUROD2
NA	NEUROD6
NA	NEUROG1
NA	NEUROG3
NA	NEXN
NA	NF2
NA	NFAM1
NA	NFE2L1
NA	NFE2L2
NA	NFE2L3
NA	NFKB2
NA	NFKBIA
NA	NFKBIB
NA	NFKBID
NA	NFKBIE
NA	NFKBIZ
NA	NFS1
NA	NFU1
NA	NFX1
NA	NFXL1
NA	NFYB
NA	NFYC
NA	NGDN
NA	NGEF
NA	NGRN
NA	NHLH2
NA	NHLRC2
NA	NHLRC3
NA	NHP2
NA	NICN1
NA	NIF3L1
NA	NINJ1
NA	NINJ2
NA	NINL
NA	NIPAL2
NA	NIPAL3
NA	NIPSNAP1
NA	NIT2
NA	NKAIN4
NA	NKAP
NA	NKIRAS1
NA	NKIRAS2
NA	NKX2-2
NA	NKX2-5
NA	NKX3-1
NA	NKX3-2
NA	NLE1
NA	NLRP6
NA	NMD3
NA	NME1-NME2
NA	NME7
NA	NMI
NA	NMNAT1
NA	NMNAT2
NA	NMNAT3
NA	NMRAL1
NA	NMT1
NA	NMU
NA	NNAT
NA	NODAL
NA	NOL10
NA	NOL7
NA	NOL8
NA	NOL9
NA	NOP56
NA	NOSIP
NA	NOVA2
NA	NOXA1
NA	NPBWR1
NA	NPC2
NA	NPDC1
NA	NPEPPS
NA	NPFF
NA	NPFFR1
NA	NPHP1
NA	NPM2
NA	NPNT
NA	NPPA
NA	NPR3
NA	NPRL2
NA	NPS
NA	NPTN
NA	NPW
NA	NPY
NA	NQO1
NA	NQO2
NA	NR0B1
NA	NR1D1
NA	NR1I3
NA	NR2C1
NA	NR2C2AP
NA	NR2F2
NA	NR2F6
NA	NR4A1
NA	NR4A2
NA	NRBF2
NA	NRBP2
NA	NRG4
NA	NRGN
NA	NRIP1
NA	NRIP2
NA	NRM
NA	NRN1
NA	NRSN2
NA	NSA2
NA	NSMCE1
NA	NSMCE2
NA	NSMCE4A
NA	NSUN3
NA	NT5C1B-RDH14
NA	NT5C2
NA	NT5DC2
NA	NT5DC3
NA	NT5M
NA	NTAN1
NA	NTF3
NA	NTF4
NA	NTN3
NA	NTS
NA	NUBP1
NA	NUCB2
NA	NUDC
NA	NUDCD1
NA	NUDCD3
NA	NUDT1
NA	NUDT10
NA	NUDT13
NA	NUDT14
NA	NUDT16
NA	NUDT17
NA	NUDT21
NA	NUDT22
NA	NUDT4
NA	NUDT5
NA	NUFIP1
NA	NUP153
NA	NUP214
NA	NUP35
NA	NUP37
NA	NUP43
NA	NUP50
NA	NUP62
NA	NUP85
NA	NUP93
NA	NUPL2
NA	NUSAP1
NA	NUTF2
NA	NVL
NA	NXF2
NA	NXNL1
NA	NXPH1
NA	NXT1
NA	NYX
NA	OAF
NA	OASL
NA	OAT
NA	OAZ2
NA	OCA2
NA	OCEL1
NA	OCIAD2
NA	OCM
NA	OCM2
NA	ODC1
NA	ODF3
NA	ODF3B
NA	ODF3L1
NA	OGFOD1
NA	OGFOD2
NA	OGFRL1
NA	OGG1
NA	OIP5
NA	OLA1
NA	OLIG2
NA	OLIG3
NA	OLR1
NA	OMG
NA	ONECUT1
NA	ONECUT2
NA	OPA3
NA	OPN1MW
NA	OPN1SW
NA	OPN3
NA	OPRD1
NA	OPRK1
NA	OPRL1
NA	OPTC
NA	OPTN
NA	OR10A7
NA	OR10AD1
NA	OR10V1
NA	OR11H1
NA	OR13J1
NA	OR2A4
NA	OR2A7
NA	OR2AE1
NA	OR2T35
NA	OR2T5
NA	OR2T8
NA	OR3A2
NA	OR4C3
NA	OR4C46
NA	OR4F17
NA	OR4F5
NA	OR4N2
NA	OR4N4
NA	OR4P4
NA	OR4Q3
NA	OR51I2
NA	OR52I1
NA	OR52W1
NA	OR56A1
NA	OR5A2
NA	OR5AP2
NA	OR5AU1
NA	OR5H15
NA	OR5K2
NA	OR5K4
NA	OR5M10
NA	OR5M3
NA	OR6N2
NA	OR6V1
NA	OR7A10
NA	OR7A5
NA	ORAI1
NA	ORAI2
NA	ORAI3
NA	ORC2
NA	ORC3
NA	ORC4
NA	ORC5
NA	ORM1
NA	ORMDL2
NA	ORMDL3
NA	OSBPL11
NA	OSBPL2
NA	OSBPL3
NA	OSBPL8
NA	OSBPL9
NA	OSGEPL1
NA	OSR1
NA	OSTN
NA	OTOP1
NA	OTOS
NA	OTUB1
NA	OTUB2
NA	OTUD3
NA	OTUD6B
NA	OTUD7B
NA	OTX1
NA	OVOL1
NA	OXCT2
NA	OXNAD1
NA	OXR1
NA	OXSM
NA	P2RX1
NA	P2RX4
NA	P2RX6
NA	P2RY1
NA	P4HB
NA	PA2G4
NA	PABPC1L
NA	PABPN1L
NA	PACRGL
NA	PACS2
NA	PACSIN1
NA	PACSIN2
NA	PACSIN3
NA	PAF1
NA	PAFAH1B1
NA	PAFAH2
NA	PAG1
NA	PAIP1
NA	PAIP2B
NA	PAK1IP1
NA	PAK2
NA	PALB2
NA	PALM
NA	PAN2
NA	PANK3
NA	PAPOLA
NA	PAPOLG
NA	PAPSS1
NA	PAQR3
NA	PAQR4
NA	PAQR7
NA	PAQR8
NA	PAQR9
NA	PARD6A
NA	PARD6G
NA	PARK7
NA	PARP10
NA	PARP11
NA	PARP16
NA	PARP2
NA	PARVA
NA	PARVB
NA	PATE1
NA	PATE2
NA	PATZ1
NA	PAWR
NA	PAX4
NA	PAX5
NA	PBK
NA	PBOV1
NA	PBX4
NA	PBXIP1
NA	PCBD2
NA	PCBP1
NA	PCBP3
NA	PCBP4
NA	PCDHB13
NA	PCGF2
NA	PCGF6
NA	PCID2
NA	PCIF1
NA	PCK2
NA	PCM1
NA	PCMTD1
NA	PCMTD2
NA	PCNA
NA	PCNP
NA	PCP4
NA	PCTP
NA	PCYOX1
NA	PCYT1A
NA	PDAP1
NA	PDCD1
NA	PDCD10
NA	PDCD2
NA	PDCD2L
NA	PDCD4
NA	PDCD6IP
NA	PDCD7
NA	PDCL2
NA	PDCL3
NA	PDE4DIP
NA	PDE6G
NA	PDE6H
NA	PDE7A
NA	PDE8A
NA	PDE8B
NA	PDGFA
NA	PDGFRA
NA	PDIA3
NA	PDIA5
NA	PDIA6
NA	PDIK1L
NA	PDK1
NA	PDLIM7
NA	PDPK1
NA	PDPN
NA	PDPR
NA	PDS5A
NA	PDSS1
NA	PDXDC1
NA	PDXK
NA	PDZD9
NA	PECR
NA	PEF1
NA	PELI1
NA	PELI3
NA	PELP1
NA	PEPD
NA	PES1
NA	PEX1
NA	PEX10
NA	PEX11G
NA	PEX13
NA	PEX14
NA	PEX26
NA	PEX3
NA	PEX7
NA	PF4
NA	PFDN2
NA	PFDN4
NA	PFN4
NA	PGA3
NA	PGA5
NA	PGAM2
NA	PGAM5
NA	PGAP1
NA	PGBD5
NA	PGK1
NA	PGLS
NA	PGLYRP1
NA	PGP
NA	PGPEP1
NA	PGPEP1L
NA	PGRMC1
NA	PGRMC2
NA	PHACTR4
NA	PHAX
NA	PHB
NA	PHB2
NA	PHC2
NA	PHF1
NA	PHF11
NA	PHF13
NA	PHF19
NA	PHF20
NA	PHF20L1
NA	PHF23
NA	PHF5A
NA	PHF7
NA	PHGDH
NA	PHIP
NA	PHKG1
NA	PHLDA1
NA	PHOSPHO2
NA	PHTF2
NA	PHYHIP
NA	PI15
NA	PI4K2A
NA	PIAS1
NA	PIAS2
NA	PIAS4
NA	PIBF1
NA	PIGA
NA	PIGB
NA	PIGC
NA	PIGF
NA	PIGH
NA	PIGL
NA	PIGM
NA	PIGN
NA	PIGU
NA	PIGW
NA	PIH1D1
NA	PIH1D2
NA	PIK3R3
NA	PIK3R4
NA	PILRB
NA	PIN1
NA	PIN4
NA	PIP4K2C
NA	PIP5K1A
NA	PIRT
NA	PISD
NA	PITHD1
NA	PITPNB
NA	PITPNC1
NA	PITX1
NA	PJA2
NA	PKIA
NA	PKIG
NA	PKMYT1
NA	PKN2
NA	PKNOX1
NA	PKP1
NA	PLA1A
NA	PLA2G12A
NA	PLA2G12B
NA	PLA2G1B
NA	PLAC1
NA	PLAC8
NA	PLAC8L1
NA	PLAC9
NA	PLAT
NA	PLAU
NA	PLAUR
NA	PLBD2
NA	PLEK2
NA	PLEKHA1
NA	PLEKHA3
NA	PLEKHA6
NA	PLEKHA8
NA	PLEKHB1
NA	PLEKHB2
NA	PLEKHF2
NA	PLEKHG3
NA	PLEKHM1
NA	PLEKHM2
NA	PLGRKT
NA	PLIN3
NA	PLK3
NA	PLLP
NA	PLSCR5
NA	PLVAP
NA	PLXNA2
NA	PM20D2
NA	PMEL
NA	PMF1-BGLAP
NA	PMM1
NA	PMP22
NA	PMPCA
NA	PMVK
NA	PNLIP
NA	PNMA1
NA	PNMT
NA	PNN
NA	PNO1
NA	PNOC
NA	PNPLA2
NA	PNPLA5
NA	PNPO
NA	PNPT1
NA	PNRC1
NA	POC1A
NA	POC5
NA	PODXL2
NA	POFUT1
NA	POFUT2
NA	POGZ
NA	POLB
NA	POLD2
NA	POLD4
NA	POLDIP3
NA	POLE2
NA	POLG2
NA	POLH
NA	POLL
NA	POLM
NA	POLR1A
NA	POLR2E
NA	POLR2F
NA	POLR2G
NA	POLR2I
NA	POLR3B
NA	POLR3D
NA	POLR3F
NA	POLR3G
NA	POLR3H
NA	POLR3K
NA	POM121
NA	POMC
NA	POMGNT1
NA	PON2
NA	POP7
NA	POPDC3
NA	POR
NA	POTEH
NA	POTEM
NA	POU2F1
NA	POU3F2
NA	POU3F3
NA	POU4F1
NA	POU4F2
NA	PPA2
NA	PPBP
NA	PPCDC
NA	PPCS
NA	PPDPF
NA	PPFIBP2
NA	PPHLN1
NA	PPIA
NA	PPIAL4G
NA	PPIC
NA	PPID
NA	PPIE
NA	PPIF
NA	PPIG
NA	PPIL3
NA	PPIL4
NA	PPIL6
NA	PPL
NA	PPM1A
NA	PPM1B
NA	PPM1F
NA	PPM1G
NA	PPM1K
NA	PPM1M
NA	PPME1
NA	PPP1CA
NA	PPP1CC
NA	PPP1R11
NA	PPP1R12B
NA	PPP1R12C
NA	PPP1R14A
NA	PPP1R14C
NA	PPP1R14D
NA	PPP1R17
NA	PPP1R1A
NA	PPP1R1B
NA	PPP1R1C
NA	PPP1R2
NA	PPP1R21
NA	PPP1R32
NA	PPP1R35
NA	PPP1R36
NA	PPP1R3B
NA	PPP1R3D
NA	PPP1R42
NA	PPP1R8
NA	PPP2CB
NA	PPP2R3A
NA	PPP2R3C
NA	PPP2R5A
NA	PPP2R5C
NA	PPP2R5E
NA	PPP3CB
NA	PPP3CC
NA	PPP3R1
NA	PPP4C
NA	PPP4R1
NA	PPP4R2
NA	PPT2
NA	PPY
NA	PQBP1
NA	PQLC2
NA	PQLC3
NA	PRADC1
NA	PRAMEF14
NA	PRAMEF16
NA	PRAMEF18
NA	PRAMEF22
NA	PRAMEF6
NA	PRB1
NA	PRCP
NA	PRDM5
NA	PRDM7
NA	PRDM8
NA	PRDX2
NA	PRDX3
NA	PRDX5
NA	PRDX6
NA	PREB
NA	PRELID1
NA	PRELID2
NA	PRG3
NA	PRH2
NA	PRICKLE3
NA	PRICKLE4
NA	PRIM1
NA	PRIM2
NA	PRKAA1
NA	PRKAB1
NA	PRKAB2
NA	PRKACA
NA	PRKACB
NA	PRKAG1
NA	PRKAR1B
NA	PRKCH
NA	PRKCSH
NA	PRKD2
NA	PRKRA
NA	PRL
NA	PRM1
NA	PRM2
NA	PRMT1
NA	PRMT5
NA	PRNP
NA	PROC
NA	PRODH
NA	PROK1
NA	PROK2
NA	PROZ
NA	PRPF38A
NA	PRPF39
NA	PRPH
NA	PRR11
NA	PRR14
NA	PRR15L
NA	PRR19
NA	PRR22
NA	PRR4
NA	PRR5L
NA	PRRC1
NA	PRRG2
NA	PRRG4
NA	PRRT2
NA	PRRT3
NA	PRRX1
NA	PRRX2
NA	PRSS21
NA	PRSS23
NA	PRSS27
NA	PRSS33
NA	PRSS48
NA	PRSS8
NA	PRTFDC1
NA	PRTN3
NA	PSEN1
NA	PSENEN
NA	PSKH1
NA	PSMA2
NA	PSMA4
NA	PSMA6
NA	PSMA8
NA	PSMB11
NA	PSMB2
NA	PSMB4
NA	PSMB6
NA	PSMB7
NA	PSMB8
NA	PSMC1
NA	PSMC2
NA	PSMC3IP
NA	PSMC4
NA	PSMC5
NA	PSMC6
NA	PSMD1
NA	PSMD11
NA	PSMD12
NA	PSMD13
NA	PSMD6
NA	PSMD7
NA	PSMD9
NA	PSME2
NA	PSME3
NA	PSMG1
NA	PSMG2
NA	PSORS1C2
NA	PSPC1
NA	PSPN
NA	PSTPIP2
NA	PTAR1
NA	PTBP2
NA	PTCD3
NA	PTCHD4
NA	PTCRA
NA	PTDSS2
NA	PTER
NA	PTF1A
NA	PTGDS
NA	PTGER1
NA	PTGER4
NA	PTGES
NA	PTGR1
NA	PTH
NA	PTH1R
NA	PTH2
NA	PTHLH
NA	PTMA
NA	PTN
NA	PTP4A2
NA	PTP4A3
NA	PTPDC1
NA	PTPN1
NA	PTPN11
NA	PTPN4
NA	PTPN6
NA	PTPRJ
NA	PTPRM
NA	PTRH2
NA	PTRHD1
NA	PTTG1
NA	PUF60
NA	PUM2
NA	PURB
NA	PURG
NA	PUS1
NA	PUS10
NA	PUS3
NA	PUS7
NA	PUS7L
NA	PUSL1
NA	PVALB
NA	PWP1
NA	PWP2
NA	PXDC1
NA	PXMP2
NA	PXMP4
NA	PXN
NA	PXT1
NA	PYDC1
NA	PYDC2
NA	PYGO1
NA	PYROXD1
NA	QKI
NA	QPCT
NA	QPCTL
NA	QPRT
NA	QRFPR
NA	QTRT1
NA	R3HDM2
NA	R3HDM4
NA	R3HDML
NA	RAB10
NA	RAB11A
NA	RAB11B
NA	RAB11FIP3
NA	RAB11FIP4
NA	RAB13
NA	RAB15
NA	RAB17
NA	RAB19
NA	RAB1A
NA	RAB1B
NA	RAB20
NA	RAB21
NA	RAB23
NA	RAB25
NA	RAB27A
NA	RAB28
NA	RAB2A
NA	RAB30
NA	RAB31
NA	RAB34
NA	RAB37
NA	RAB38
NA	RAB3A
NA	RAB3B
NA	RAB3D
NA	RAB3GAP2
NA	RAB40C
NA	RAB41
NA	RAB4A
NA	RAB4B
NA	RAB5A
NA	RAB5B
NA	RAB6A
NA	RAB6B
NA	RAB6C
NA	RAB8A
NA	RAB8B
NA	RAB9B
NA	RABAC1
NA	RABEPK
NA	RABGGTA
NA	RABGGTB
NA	RABL2A
NA	RABL2B
NA	RAC1
NA	RACGAP1
NA	RAD1
NA	RAD23A
NA	RAD23B
NA	RAD51
NA	RAD51AP1
NA	RAD51B
NA	RAD51C
NA	RAD54L
NA	RAD9A
NA	RAD9B
NA	RAE1
NA	RAET1E
NA	RAET1G
NA	RAI14
NA	RALA
NA	RALGDS
NA	RALGPS2
NA	RALYL
NA	RAMP1
NA	RAMP2
NA	RAMP3
NA	RANBP1
NA	RANBP10
NA	RANBP3
NA	RANGAP1
NA	RAP1A
NA	RAP1B
NA	RAP2A
NA	RAPGEF5
NA	RAPGEF6
NA	RAPH1
NA	RARRES1
NA	RARRES3
NA	RARS2
NA	RASA1
NA	RASA2
NA	RASA4
NA	RASL10A
NA	RASL10B
NA	RASL11A
NA	RASL12
NA	RASSF2
NA	RASSF3
NA	RASSF5
NA	RASSF8
NA	RASSF9
NA	RAX
NA	RBAK
NA	RBBP7
NA	RBCK1
NA	RBFA
NA	RBFOX2
NA	RBL1
NA	RBM12
NA	RBM15B
NA	RBM18
NA	RBM23
NA	RBM25
NA	RBM26
NA	RBM3
NA	RBM39
NA	RBM43
NA	RBM7
NA	RBMS1
NA	RBMXL1
NA	RBP1
NA	RBP5
NA	RBP7
NA	RBPJL
NA	RBPMS2
NA	RCAN3
NA	RCBTB2
NA	RCC2
NA	RCE1
NA	RCL1
NA	RCN2
NA	RCN3
NA	RCOR1
NA	RCOR2
NA	RCOR3
NA	RDH11
NA	RDH12
NA	RDH13
NA	RDH16
NA	RDH5
NA	RDM1
NA	REC8
NA	RECQL5
NA	REEP5
NA	REEP6
NA	REG3A
NA	REL
NA	RELB
NA	RELL1
NA	RELL2
NA	REM1
NA	REM2
NA	RENBP
NA	RER1
NA	REST
NA	RETN
NA	RFC2
NA	RFC3
NA	RFC4
NA	RFC5
NA	RFPL1
NA	RFPL2
NA	RFPL3
NA	RFTN2
NA	RFWD3
NA	RFX1
NA	RGCC
NA	RGMB
NA	RGN
NA	RGP1
NA	RGPD2
NA	RGR
NA	RGS1
NA	RGS10
NA	RGS14
NA	RGS17
NA	RGS18
NA	RGS19
NA	RGS2
NA	RGS20
NA	RGS4
NA	RGS5
NA	RHBDD1
NA	RHBDL1
NA	RHBDL3
NA	RHEB
NA	RHOC
NA	RHOD
NA	RHOG
NA	RHOQ
NA	RHOT1
NA	RHOU
NA	RHPN1
NA	RIC8B
NA	RILP
NA	RILPL1
NA	RILPL2
NA	RIMBP3
NA	RIMBP3B
NA	RIMKLB
NA	RIMS4
NA	RIN2
NA	RIOK1
NA	RIOK3
NA	RIPK1
NA	RIPK2
NA	RIPK3
NA	RIPPLY2
NA	RIT1
NA	RIT2
NA	RLBP1
NA	RMI1
NA	RMI2
NA	RMND1
NA	RMND5A
NA	RNASE1
NA	RNASE10
NA	RNASE11
NA	RNASE12
NA	RNASE2
NA	RNASE4
NA	RNASE6
NA	RNASE7
NA	RNASE8
NA	RNASEH2B
NA	RNASEH2C
NA	RND1
NA	RND2
NA	RND3
NA	RNF113B
NA	RNF121
NA	RNF122
NA	RNF125
NA	RNF13
NA	RNF130
NA	RNF133
NA	RNF14
NA	RNF141
NA	RNF144A
NA	RNF144B
NA	RNF145
NA	RNF148
NA	RNF149
NA	RNF169
NA	RNF180
NA	RNF181
NA	RNF185
NA	RNF186
NA	RNF19A
NA	RNF212
NA	RNF215
NA	RNF24
NA	RNF25
NA	RNF26
NA	RNF32
NA	RNF39
NA	RNF40
NA	RNF7
NA	RNFT1
NA	RNH1
NA	RNPC3
NA	RNPEPL1
NA	ROCK2
NA	ROM1
NA	ROMO1
NA	ROPN1
NA	ROPN1B
NA	RP9
NA	RPA2
NA	RPA3
NA	RPF1
NA	RPIA
NA	RPL10L
NA	RPL11
NA	RPL12
NA	RPL13
NA	RPL14
NA	RPL18
NA	RPL19
NA	RPL21
NA	RPL22
NA	RPL24
NA	RPL26
NA	RPL26L1
NA	RPL27
NA	RPL27A
NA	RPL29
NA	RPL3
NA	RPL30
NA	RPL32
NA	RPL34
NA	RPL35
NA	RPL35A
NA	RPL36AL
NA	RPL39
NA	RPL3L
NA	RPL4
NA	RPL7L1
NA	RPLP2
NA	RPP25
NA	RPP25L
NA	RPP30
NA	RPP40
NA	RPRD1A
NA	RPRD1B
NA	RPRM
NA	RPS11
NA	RPS13
NA	RPS14
NA	RPS16
NA	RPS20
NA	RPS24
NA	RPS26
NA	RPS27
NA	RPS27A
NA	RPS3
NA	RPS3A
NA	RPS5
NA	RPS6
NA	RPS6KA5
NA	RPS6KB1
NA	RPS6KB2
NA	RPS6KL1
NA	RPS7
NA	RPS8
NA	RPS9
NA	RPSA
NA	RPUSD2
NA	RPUSD3
NA	RPUSD4
NA	RRBP1
NA	RRH
NA	RRM1
NA	RRNAD1
NA	RRP8
NA	RRS1
NA	RSAD2
NA	RSL1D1
NA	RSPH10B
NA	RSPH4A
NA	RTBDN
NA	RTCA
NA	RTEL1
NA	RTF1
NA	RTN4IP1
NA	RTN4RL2
NA	RTP4
NA	RUFY1
NA	RUFY3
NA	RUNX1
NA	RUNX1T1
NA	RUNX3
NA	RUSC1
NA	RUVBL1
NA	RUVBL2
NA	RWDD1
NA	RWDD2A
NA	RWDD2B
NA	RWDD4
NA	RXFP3
NA	RXRA
NA	S100A1
NA	S100A10
NA	S100A13
NA	S100A14
NA	S100A16
NA	S100A2
NA	S100A3
NA	S100A7
NA	S100A9
NA	S100P
NA	S100PBP
NA	S1PR2
NA	SAAL1
NA	SAE1
NA	SAFB2
NA	SAMD10
NA	SAMD13
NA	SAMD4A
NA	SAMD8
NA	SAMM50
NA	SAMSN1
NA	SAP18
NA	SAPCD1
NA	SARS
NA	SARS2
NA	SART1
NA	SAV1
NA	SAYSD1
NA	SBDS
NA	SBSN
NA	SCAMP1
NA	SCAMP2
NA	SCAMP3
NA	SCARB1
NA	SCCPDH
NA	SCFD1
NA	SCG5
NA	SCGB1A1
NA	SCGB1C1
NA	SCGB1D2
NA	SCGB2A1
NA	SCGB3A2
NA	SCIMP
NA	SCIN
NA	SCLT1
NA	SCLY
NA	SCN1B
NA	SCNM1
NA	SCP2
NA	SCRT2
NA	SCUBE3
NA	SCYL2
NA	SCYL3
NA	SDC2
NA	SDCBP
NA	SDCCAG8
NA	SDF2L1
NA	SDF4
NA	SDHA
NA	SDHC
NA	SDR39U1
NA	SDR9C7
NA	SDS
NA	SEBOX
NA	SEC14L2
NA	SEC22A
NA	SEC22C
NA	SEC23A
NA	SEC23IP
NA	SEC61A1
NA	SEC62
NA	SECISBP2L
NA	SECTM1
NA	SEH1L
NA	SEL1L
NA	SEL1L2
NA	SELM
NA	SELT
NA	SELV
NA	SEMA3C
NA	SEMA4A
NA	SEMA6A
NA	SEMA6D
NA	SEMA7A
NA	SENP1
NA	SENP5
NA	SEPHS1
NA	SEPSECS
NA	SEPT1
NA	SEPT10
NA	SEPT2
NA	SEPT4
NA	SEPT5
NA	SERAC1
NA	SERGEF
NA	SERHL2
NA	SERINC2
NA	SERINC4
NA	SERINC5
NA	SERPINA12
NA	SERPINA4
NA	SERPINB1
NA	SERPINB13
NA	SERPINB6
NA	SERPINB9
NA	SERPINE1
NA	SERPINI2
NA	SERTAD3
NA	SERTM1
NA	SESN1
NA	SESN2
NA	SETD3
NA	SETD4
NA	SETD7
NA	SETDB2
NA	SF3A3
NA	SF3B4
NA	SFRP4
NA	SFRP5
NA	SFT2D2
NA	SFTA2
NA	SFTA3
NA	SFTPB
NA	SFXN3
NA	SGK1
NA	SGK3
NA	SGMS2
NA	SGPL1
NA	SGPP1
NA	SGPP2
NA	SGTA
NA	SGTB
NA	SH2B2
NA	SH2B3
NA	SH2D1B
NA	SH2D3A
NA	SH2D5
NA	SH3BGR
NA	SH3BGRL2
NA	SH3BGRL3
NA	SH3BP2
NA	SH3BP5L
NA	SH3GL3
NA	SH3GLB2
NA	SH3PXD2A
NA	SH3YL1
NA	SHANK2
NA	SHARPIN
NA	SHC4
NA	SHCBP1
NA	SHISA5
NA	SHKBP1
NA	SHMT1
NA	SHMT2
NA	SHOX
NA	SHQ1
NA	SIAE
NA	SIAH2
NA	SIDT2
NA	SIGIRR
NA	SIKE1
NA	SIPA1L2
NA	SIRPA
NA	SIRT2
NA	SIRT5
NA	SIRT6
NA	SIRT7
NA	SIVA1
NA	SIX2
NA	SIX4
NA	SIX5
NA	SKA1
NA	SKAP2
NA	SKP2
NA	SLA2
NA	SLAMF7
NA	SLAMF9
NA	SLBP
NA	SLC10A1
NA	SLC12A2
NA	SLC12A7
NA	SLC12A9
NA	SLC13A4
NA	SLC16A10
NA	SLC16A4
NA	SLC16A6
NA	SLC16A7
NA	SLC17A3
NA	SLC17A5
NA	SLC18A3
NA	SLC18B1
NA	SLC19A1
NA	SLC19A2
NA	SLC19A3
NA	SLC1A2
NA	SLC1A3
NA	SLC1A4
NA	SLC22A17
NA	SLC22A18
NA	SLC22A23
NA	SLC22A4
NA	SLC23A2
NA	SLC25A10
NA	SLC25A15
NA	SLC25A16
NA	SLC25A20
NA	SLC25A26
NA	SLC25A32
NA	SLC25A35
NA	SLC25A38
NA	SLC25A4
NA	SLC25A42
NA	SLC25A5
NA	SLC25A51
NA	SLC25A6
NA	SLC28A1
NA	SLC2A4RG
NA	SLC2A8
NA	SLC30A2
NA	SLC30A6
NA	SLC30A7
NA	SLC31A1
NA	SLC31A2
NA	SLC32A1
NA	SLC33A1
NA	SLC35A3
NA	SLC35A4
NA	SLC35B1
NA	SLC35B2
NA	SLC35B3
NA	SLC35D1
NA	SLC35D2
NA	SLC35E1
NA	SLC35E3
NA	SLC35E4
NA	SLC35G1
NA	SLC35G2
NA	SLC36A4
NA	SLC37A4
NA	SLC38A2
NA	SLC39A1
NA	SLC39A10
NA	SLC39A12
NA	SLC39A13
NA	SLC39A14
NA	SLC39A2
NA	SLC39A3
NA	SLC39A9
NA	SLC41A3
NA	SLC43A1
NA	SLC44A1
NA	SLC44A4
NA	SLC45A2
NA	SLC45A3
NA	SLC46A1
NA	SLC46A2
NA	SLC4A1AP
NA	SLC50A1
NA	SLC5A2
NA	SLC6A9
NA	SLC7A6OS
NA	SLC7A9
NA	SLC9A8
NA	SLCO4A1
NA	SLFN5
NA	SLFNL1
NA	SLPI
NA	SLU7
NA	SLX4
NA	SMAD4
NA	SMAD5
NA	SMAD7
NA	SMAGP
NA	SMARCA5
NA	SMARCAD1
NA	SMARCB1
NA	SMARCD1
NA	SMARCE1
NA	SMC2
NA	SMCP
NA	SMG1
NA	SMG9
NA	SMOX
NA	SMPD1
NA	SMPD2
NA	SMPD4
NA	SMPDL3A
NA	SMTNL1
NA	SMU1
NA	SMUG1
NA	SMURF1
NA	SMYD2
NA	SNAI2
NA	SNAP29
NA	SNAPC1
NA	SNAPC2
NA	SNCA
NA	SNCB
NA	SNF8
NA	SNIP1
NA	SNRNP27
NA	SNRNP48
NA	SNRNP70
NA	SNRPA
NA	SNRPA1
NA	SNRPB2
NA	SNRPC
NA	SNRPD2
NA	SNTA1
NA	SNTB2
NA	SNTN
NA	SNUPN
NA	SNW1
NA	SNX11
NA	SNX13
NA	SNX16
NA	SNX18
NA	SNX2
NA	SNX24
NA	SNX25
NA	SNX30
NA	SNX32
NA	SNX33
NA	SNX5
NA	SNX6
NA	SOAT1
NA	SOAT2
NA	SOCS2
NA	SOCS4
NA	SOCS7
NA	SOHLH1
NA	SORBS3
NA	SORD
NA	SOS1
NA	SOST
NA	SOSTDC1
NA	SOWAHC
NA	SOX1
NA	SOX14
NA	SOX18
NA	SOX2
NA	SOX21
NA	SOX3
NA	SOX5
NA	SOX9
NA	SP1
NA	SP3
NA	SP5
NA	SP8
NA	SPA17
NA	SPAG11B
NA	SPAG4
NA	SPAG9
NA	SPATA12
NA	SPATA13
NA	SPATA17
NA	SPATA2
NA	SPATA2L
NA	SPATA5L1
NA	SPATA6
NA	SPATA6L
NA	SPATA7
NA	SPATA8
NA	SPATS1
NA	SPATS2L
NA	SPC25
NA	SPCS1
NA	SPCS2
NA	SPDYA
NA	SPDYC
NA	SPDYE1
NA	SPG7
NA	SPHK1
NA	SPI1
NA	SPICE1
NA	SPIN2B
NA	SPIN3
NA	SPINK13
NA	SPINK2
NA	SPINK4
NA	SPINK7
NA	SPINK9
NA	SPINT2
NA	SPINT4
NA	SPIRE1
NA	SPIRE2
NA	SPNS2
NA	SPO11
NA	SPOCK3
NA	SPOP
NA	SPOPL
NA	SPP1
NA	SPP2
NA	SPR
NA	SPRED3
NA	SPRR1A
NA	SPRR1B
NA	SPRR2A
NA	SPRR2D
NA	SPRR2E
NA	SPRR2F
NA	SPRY2
NA	SPRYD3
NA	SPRYD7
NA	SPSB3
NA	SPTBN1
NA	SPTLC1
NA	SQLE
NA	SRD5A3
NA	SRFBP1
NA	SRGAP1
NA	SRGN
NA	SRL
NA	SRP14
NA	SRP54
NA	SRP68
NA	SRP72
NA	SRRD
NA	SRSF12
NA	SRSF2
NA	SRSF3
NA	SRSF4
NA	SRSF5
NA	SRSF7
NA	SRSF9
NA	SRXN1
NA	SS18
NA	SSB
NA	SSBP1
NA	SSBP3
NA	SSNA1
NA	SSPN
NA	SSR1
NA	SSR2
NA	SSSCA1
NA	SST
NA	SSTR3
NA	SSX2IP
NA	ST3GAL4
NA	ST3GAL5
NA	ST6GAL1
NA	ST6GALNAC1
NA	ST8SIA1
NA	ST8SIA2
NA	ST8SIA6
NA	STAC2
NA	STAC3
NA	STAM
NA	STAP2
NA	STAR
NA	STARD10
NA	STARD3NL
NA	STARD6
NA	STARD7
NA	STAT2
NA	STATH
NA	STEAP1B
NA	STEAP2
NA	STH
NA	STIM1
NA	STIM2
NA	STIP1
NA	STK10
NA	STK16
NA	STK17A
NA	STK17B
NA	STK19
NA	STK3
NA	STK35
NA	STK39
NA	STK4
NA	STMN1
NA	STRADA
NA	STT3A
NA	STX10
NA	STX12
NA	STX16
NA	STX19
NA	STX1A
NA	STX2
NA	STX4
NA	STX6
NA	STXBP2
NA	STXBP3
NA	STXBP6
NA	SUB1
NA	SUCLA2
NA	SUCLG2
NA	SUCNR1
NA	SULT1A2
NA	SULT1B1
NA	SULT1C4
NA	SULT6B1
NA	SUMF1
NA	SUMF2
NA	SUMO1
NA	SUMO3
NA	SUMO4
NA	SUN3
NA	SUOX
NA	SUPT4H1
NA	SUPT7L
NA	SURF2
NA	SURF6
NA	SUSD5
NA	SUV39H1
NA	SUV39H2
NA	SWAP70
NA	SWSAP1
NA	SYCE2
NA	SYCN
NA	SYDE1
NA	SYF2
NA	SYN3
NA	SYNGR4
NA	SYP
NA	SYPL1
NA	SYPL2
NA	SYS1
NA	SYT14
NA	SYT2
NA	SYT6
NA	TAC1
NA	TADA1
NA	TAF13
NA	TAF15
NA	TAF1B
NA	TAF4
NA	TAF9
NA	TAGLN2
NA	TALDO1
NA	TAOK3
NA	TAP1
NA	TAPBP
NA	TAPT1
NA	TARBP2
NA	TARDBP
NA	TAS1R3
NA	TAS2R13
NA	TAS2R14
NA	TAS2R19
NA	TAS2R20
NA	TAS2R3
NA	TAS2R30
NA	TAS2R31
NA	TAS2R39
NA	TAS2R4
NA	TAS2R42
NA	TAS2R46
NA	TAS2R50
NA	TASP1
NA	TATDN1
NA	TAX1BP1
NA	TBC1D10B
NA	TBC1D12
NA	TBC1D14
NA	TBC1D20
NA	TBC1D21
NA	TBC1D23
NA	TBC1D28
NA	TBC1D3B
NA	TBC1D7
NA	TBCA
NA	TBCB
NA	TBKBP1
NA	TBL1XR1
NA	TBL2
NA	TBP
NA	TBPL1
NA	TBR1
NA	TBRG1
NA	TBX3
NA	TBX6
NA	TCEA1
NA	TCEAL1
NA	TCEAL3
NA	TCEAL4
NA	TCEAL7
NA	TCEAL8
NA	TCEANC2
NA	TCF15
NA	TCF3
NA	TCF7
NA	TCF7L1
NA	TCF7L2
NA	TCFL5
NA	TCHP
NA	TCL1A
NA	TCN1
NA	TCN2
NA	TCP1
NA	TCP10
NA	TCTA
NA	TCTN1
NA	TCTN3
NA	TDG
NA	TDGF1
NA	TEAD2
NA	TEAD4
NA	TEDDM1
NA	TEKT4
NA	TERF1
NA	TERF2
NA	TERF2IP
NA	TES
NA	TESK1
NA	TEX101
NA	TEX26
NA	TEX261
NA	TEX9
NA	TFAP2C
NA	TFAP2E
NA	TFB1M
NA	TFB2M
NA	TFCP2
NA	TFCP2L1
NA	TFDP2
NA	TFF1
NA	TFG
NA	TFPI
NA	TFPI2
NA	TFPT
NA	TGFB1I1
NA	TGFB2
NA	TGFB3
NA	TGFBR2
NA	TGIF2
NA	TGOLN2
NA	TGS1
NA	TH
NA	THADA
NA	THAP1
NA	THAP10
NA	THAP11
NA	THAP3
NA	THAP4
NA	THAP5
NA	THAP6
NA	THAP8
NA	THBD
NA	THBS3
NA	THG1L
NA	THNSL1
NA	THOC3
NA	THOC6
NA	THOC7
NA	THPO
NA	THRSP
NA	THUMPD2
NA	TIA1
NA	TIAL1
NA	TIGD2
NA	TIGD7
NA	TIMELESS
NA	TIMM21
NA	TIMM44
NA	TIMM9
NA	TIMMDC1
NA	TIMP2
NA	TIMP4
NA	TIPIN
NA	TIPRL
NA	TJAP1
NA	TJP2
NA	TK2
NA	TLCD1
NA	TLL2
NA	TLR1
NA	TLR9
NA	TLX1
NA	TM2D1
NA	TM2D2
NA	TM4SF1
NA	TM4SF20
NA	TM4SF5
NA	TM6SF2
NA	TM9SF3
NA	TM9SF4
NA	TMC4
NA	TMC6
NA	TMCC1
NA	TMCC2
NA	TMCO1
NA	TMCO2
NA	TMCO3
NA	TMED1
NA	TMED2
NA	TMED3
NA	TMED4
NA	TMED5
NA	TMED6
NA	TMED7-TICAM2
NA	TMED9
NA	TMEM100
NA	TMEM101
NA	TMEM102
NA	TMEM106B
NA	TMEM106C
NA	TMEM107
NA	TMEM11
NA	TMEM115
NA	TMEM116
NA	TMEM121
NA	TMEM127
NA	TMEM128
NA	TMEM133
NA	TMEM134
NA	TMEM135
NA	TMEM139
NA	TMEM144
NA	TMEM147
NA	TMEM14A
NA	TMEM150A
NA	TMEM154
NA	TMEM155
NA	TMEM159
NA	TMEM160
NA	TMEM161A
NA	TMEM163
NA	TMEM165
NA	TMEM167B
NA	TMEM169
NA	TMEM17
NA	TMEM170A
NA	TMEM170B
NA	TMEM171
NA	TMEM177
NA	TMEM179
NA	TMEM184C
NA	TMEM186
NA	TMEM189-UBE2V1
NA	TMEM19
NA	TMEM190
NA	TMEM196
NA	TMEM198
NA	TMEM200B
NA	TMEM200C
NA	TMEM203
NA	TMEM204
NA	TMEM205
NA	TMEM206
NA	TMEM208
NA	TMEM209
NA	TMEM211
NA	TMEM213
NA	TMEM217
NA	TMEM219
NA	TMEM223
NA	TMEM231
NA	TMEM234
NA	TMEM236
NA	TMEM237
NA	TMEM241
NA	TMEM242
NA	TMEM245
NA	TMEM33
NA	TMEM37
NA	TMEM39B
NA	TMEM40
NA	TMEM41A
NA	TMEM42
NA	TMEM44
NA	TMEM47
NA	TMEM51
NA	TMEM53
NA	TMEM54
NA	TMEM56
NA	TMEM59
NA	TMEM62
NA	TMEM63A
NA	TMEM65
NA	TMEM68
NA	TMEM69
NA	TMEM71
NA	TMEM79
NA	TMEM80
NA	TMEM86A
NA	TMEM87A
NA	TMEM87B
NA	TMEM89
NA	TMEM8A
NA	TMEM92
NA	TMEM97
NA	TMEM99
NA	TMEM9B
NA	TMF1
NA	TMIE
NA	TMIGD1
NA	TMLHE
NA	TMOD2
NA	TMPO
NA	TMPRSS4
NA	TMPRSS5
NA	TMSB15B
NA	TMTC1
NA	TMX1
NA	TMX2
NA	TMX4
NA	TNF
NA	TNFAIP3
NA	TNFAIP6
NA	TNFAIP8
NA	TNFAIP8L1
NA	TNFRSF10B
NA	TNFRSF10C
NA	TNFRSF11A
NA	TNFRSF17
NA	TNFRSF19
NA	TNFRSF9
NA	TNFSF10
NA	TNFSF13B
NA	TNFSF4
NA	TNIP1
NA	TNKS2
NA	TNNC1
NA	TNNC2
NA	TNNI1
NA	TNNI2
NA	TNNI3
NA	TNNT1
NA	TNP1
NA	TNP2
NA	TNPO1
NA	TNPO3
NA	TOLLIP
NA	TOM1L1
NA	TOMM22
NA	TOMM34
NA	TOMM40
NA	TOMM40L
NA	TOP1MT
NA	TOP3B
NA	TOR1A
NA	TP53I11
NA	TP53I3
NA	TP53INP1
NA	TPCN2
NA	TPD52
NA	TPGS2
NA	TPH2
NA	TPM1
NA	TPM4
NA	TPP1
NA	TPP2
NA	TPPP2
NA	TPPP3
NA	TPRA1
NA	TPRG1
NA	TPRKB
NA	TPRN
NA	TPRX1
NA	TPSAB1
NA	TPSB2
NA	TPST2
NA	TPT1
NA	TPTE
NA	TPX2
NA	TRA2B
NA	TRABD
NA	TRAF3IP1
NA	TRAF4
NA	TRAF5
NA	TRAFD1
NA	TRAM1
NA	TRAM1L1
NA	TRAM2
NA	TRAP1
NA	TRAPPC1
NA	TRAPPC10
NA	TRAPPC3
NA	TRAPPC6B
NA	TRAPPC8
NA	TRDMT1
NA	TREML1
NA	TREML4
NA	TREX1
NA	TREX2
NA	TRH
NA	TRIB3
NA	TRIM13
NA	TRIM16L
NA	TRIM17
NA	TRIM2
NA	TRIM22
NA	TRIM25
NA	TRIM26
NA	TRIM4
NA	TRIM40
NA	TRIM41
NA	TRIM44
NA	TRIM5
NA	TRIM59
NA	TRIM63
NA	TRIM69
NA	TRIM7
NA	TRIM72
NA	TRIM73
NA	TRMT1
NA	TRMT11
NA	TRMT112
NA	TRMT12
NA	TRMT1L
NA	TRMT2A
NA	TRMT5
NA	TRMU
NA	TRNAU1AP
NA	TRNT1
NA	TROVE2
NA	TRPC4AP
NA	TRPM1
NA	TRPV2
NA	TSC22D1
NA	TSC22D3
NA	TSEN15
NA	TSEN2
NA	TSEN34
NA	TSEN54
NA	TSFM
NA	TSGA10
NA	TSLP
NA	TSN
NA	TSNARE1
NA	TSNAX
NA	TSPAN11
NA	TSPAN15
NA	TSPAN18
NA	TSPAN3
NA	TSPAN33
NA	TSPAN5
NA	TSPEAR
NA	TSPY8
NA	TSPYL1
NA	TSPYL4
NA	TSPYL5
NA	TSPYL6
NA	TSR1
NA	TSSK2
NA	TSSK3
NA	TSSK4
NA	TSSK6
NA	TST
NA	TSTA3
NA	TTBK2
NA	TTC1
NA	TTC17
NA	TTC21B
NA	TTC23
NA	TTC23L
NA	TTC27
NA	TTC29
NA	TTC30A
NA	TTC30B
NA	TTC33
NA	TTC36
NA	TTC38
NA	TTK
NA	TTL
NA	TTLL3
NA	TTPA
NA	TUBA3E
NA	TUBA8
NA	TUBAL3
NA	TUBB
NA	TUBB2A
NA	TUBB3
NA	TUBB4A
NA	TUBD1
NA	TUBGCP4
NA	TUFM
NA	TUFT1
NA	TULP1
NA	TULP2
NA	TUSC2
NA	TWF1
NA	TWIST2
NA	TWISTNB
NA	TWSG1
NA	TXLNG
NA	TXNDC11
NA	TXNDC12
NA	TXNDC15
NA	TXNDC16
NA	TXNDC5
NA	TXNDC9
NA	TXNIP
NA	TXNL1
NA	TXNL4A
NA	TXNL4B
NA	TXNRD2
NA	TXNRD3NB
NA	TYRO3
NA	TYW3
NA	TYW5
NA	U2AF2
NA	UACA
NA	UAP1L1
NA	UBA2
NA	UBA3
NA	UBA5
NA	UBA52
NA	UBA6
NA	UBAP2
NA	UBB
NA	UBD
NA	UBE2A
NA	UBE2C
NA	UBE2D4
NA	UBE2E1
NA	UBE2G1
NA	UBE2G2
NA	UBE2I
NA	UBE2K
NA	UBE2L3
NA	UBE2L6
NA	UBE2M
NA	UBE2N
NA	UBE2Q1
NA	UBE2U
NA	UBE2V2
NA	UBE2W
NA	UBE2Z
NA	UBE4B
NA	UBL4B
NA	UBLCP1
NA	UBQLN4
NA	UBR3
NA	UBR7
NA	UBTD2
NA	UBTF
NA	UBXN1
NA	UBXN2B
NA	UBXN6
NA	UBXN7
NA	UCHL1
NA	UCHL5
NA	UCK1
NA	UCP1
NA	UCP2
NA	UCP3
NA	UFC1
NA	UFL1
NA	UFSP2
NA	UGP2
NA	UHRF2
NA	UMPS
NA	UNC93B1
NA	UNCX
NA	UPB1
NA	UPK1B
NA	UPK2
NA	UPP1
NA	UPP2
NA	UQCR10
NA	UQCRC1
NA	UQCRC2
NA	UQCRFS1
NA	UQCRH
NA	UROS
NA	USF1
NA	USF2
NA	USO1
NA	USP12
NA	USP15
NA	USP16
NA	USP18
NA	USP25
NA	USP3
NA	USP30
NA	USP31
NA	USP4
NA	USP42
NA	USP46
NA	USP5
NA	USP51
NA	USP54
NA	USP7
NA	USPL1
NA	UST
NA	UTP14C
NA	UTP15
NA	UTP3
NA	UTP6
NA	UXS1
NA	VAC14
NA	VAMP3
NA	VAMP4
NA	VAMP7
NA	VAMP8
NA	VAPA
NA	VAPB
NA	VASH2
NA	VASP
NA	VAV1
NA	VAV2
NA	VAX1
NA	VAX2
NA	VBP1
NA	VCX3A
NA	VCX3B
NA	VDAC1
NA	VDAC2
NA	VDAC3
NA	VEGFB
NA	VEZF1
NA	VGF
NA	VGLL2
NA	VGLL4
NA	VHL
NA	VHLL
NA	VIM
NA	VIPR2
NA	VKORC1L1
NA	VMAC
NA	VMO1
NA	VMP1
NA	VN1R1
NA	VPREB3
NA	VPS16
NA	VPS25
NA	VPS26A
NA	VPS26B
NA	VPS29
NA	VPS33B
NA	VPS35
NA	VPS36
NA	VPS37A
NA	VPS39
NA	VPS41
NA	VPS45
NA	VPS4A
NA	VPS52
NA	VPS72
NA	VRK1
NA	VRK2
NA	VSNL1
NA	VSTM1
NA	VSTM2L
NA	VTA1
NA	VTCN1
NA	VTI1B
NA	VWC2
NA	WARS
NA	WASF2
NA	WASL
NA	WBP1
NA	WBP4
NA	WDFY1
NA	WDHD1
NA	WDPCP
NA	WDR12
NA	WDR18
NA	WDR19
NA	WDR25
NA	WDR27
NA	WDR31
NA	WDR37
NA	WDR38
NA	WDR43
NA	WDR47
NA	WDR5
NA	WDR55
NA	WDR5B
NA	WDR61
NA	WDR63
NA	WDR73
NA	WDR75
NA	WDR76
NA	WDR82
NA	WDR88
NA	WDR89
NA	WDR91
NA	WDR92
NA	WDTC1
NA	WDYHV1
NA	WFDC1
NA	WFDC10A
NA	WFDC3
NA	WFDC5
NA	WFDC9
NA	WHAMM
NA	WIPF1
NA	WIPI1
NA	WNT11
NA	WNT16
NA	WNT4
NA	WNT5B
NA	WNT6
NA	WNT8A
NA	WRAP73
NA	WRB
NA	WSB1
NA	WSB2
NA	WT1
NA	WWOX
NA	WWP1
NA	XAF1
NA	XCL2
NA	XCR1
NA	XPO7
NA	XRCC1
NA	XRCC2
NA	XRCC3
NA	XRCC4
NA	XRCC5
NA	XRCC6
NA	XRN2
NA	XYLB
NA	XYLT2
NA	YARS2
NA	YBEY
NA	YDJC
NA	YEATS4
NA	YES1
NA	YIF1A
NA	YIF1B
NA	YIPF2
NA	YIPF3
NA	YIPF4
NA	YIPF5
NA	YKT6
NA	YME1L1
NA	YOD1
NA	YPEL1
NA	YPEL4
NA	YTHDF3
NA	YWHAB
NA	YWHAE
NA	YWHAH
NA	YWHAQ
NA	ZBED2
NA	ZBTB1
NA	ZBTB10
NA	ZBTB11
NA	ZBTB12
NA	ZBTB17
NA	ZBTB24
NA	ZBTB25
NA	ZBTB3
NA	ZBTB32
NA	ZBTB37
NA	ZBTB39
NA	ZBTB44
NA	ZBTB45
NA	ZBTB47
NA	ZBTB48
NA	ZBTB49
NA	ZBTB6
NA	ZC2HC1C
NA	ZC3H10
NA	ZC3H15
NA	ZC3H6
NA	ZC3H7A
NA	ZC3H8
NA	ZC3HAV1L
NA	ZCCHC10
NA	ZCCHC17
NA	ZCCHC24
NA	ZCCHC4
NA	ZCCHC9
NA	ZCRB1
NA	ZCWPW1
NA	ZCWPW2
NA	ZDHHC1
NA	ZDHHC11
NA	ZDHHC13
NA	ZDHHC14
NA	ZDHHC16
NA	ZDHHC21
NA	ZDHHC4
NA	ZDHHC5
NA	ZFAND1
NA	ZFAND2B
NA	ZFAND3
NA	ZFAND4
NA	ZFAND5
NA	ZFAND6
NA	ZFP14
NA	ZFP36
NA	ZFP62
NA	ZFP82
NA	ZFP91
NA	ZFR
NA	ZFR2
NA	ZFYVE19
NA	ZFYVE21
NA	ZFYVE27
NA	ZHX1
NA	ZHX3
NA	ZIC5
NA	ZKSCAN1
NA	ZKSCAN3
NA	ZKSCAN4
NA	ZKSCAN5
NA	ZMPSTE24
NA	ZMYM2
NA	ZMYND10
NA	ZMYND11
NA	ZMYND12
NA	ZMYND19
NA	ZMYND8
NA	ZNF10
NA	ZNF100
NA	ZNF114
NA	ZNF117
NA	ZNF121
NA	ZNF124
NA	ZNF131
NA	ZNF133
NA	ZNF134
NA	ZNF140
NA	ZNF141
NA	ZNF142
NA	ZNF146
NA	ZNF154
NA	ZNF155
NA	ZNF16
NA	ZNF165
NA	ZNF174
NA	ZNF175
NA	ZNF180
NA	ZNF184
NA	ZNF2
NA	ZNF20
NA	ZNF207
NA	ZNF219
NA	ZNF22
NA	ZNF224
NA	ZNF225
NA	ZNF23
NA	ZNF232
NA	ZNF234
NA	ZNF250
NA	ZNF256
NA	ZNF263
NA	ZNF264
NA	ZNF266
NA	ZNF273
NA	ZNF280A
NA	ZNF280B
NA	ZNF280C
NA	ZNF286A
NA	ZNF286B
NA	ZNF302
NA	ZNF317
NA	ZNF322
NA	ZNF324
NA	ZNF326
NA	ZNF330
NA	ZNF333
NA	ZNF337
NA	ZNF345
NA	ZNF346
NA	ZNF347
NA	ZNF358
NA	ZNF362
NA	ZNF367
NA	ZNF37A
NA	ZNF383
NA	ZNF384
NA	ZNF385A
NA	ZNF394
NA	ZNF404
NA	ZNF410
NA	ZNF417
NA	ZNF419
NA	ZNF425
NA	ZNF428
NA	ZNF430
NA	ZNF433
NA	ZNF443
NA	ZNF45
NA	ZNF461
NA	ZNF471
NA	ZNF473
NA	ZNF497
NA	ZNF500
NA	ZNF502
NA	ZNF506
NA	ZNF507
NA	ZNF513
NA	ZNF519
NA	ZNF529
NA	ZNF530
NA	ZNF543
NA	ZNF544
NA	ZNF548
NA	ZNF550
NA	ZNF551
NA	ZNF554
NA	ZNF557
NA	ZNF562
NA	ZNF563
NA	ZNF565
NA	ZNF566
NA	ZNF569
NA	ZNF57
NA	ZNF570
NA	ZNF575
NA	ZNF576
NA	ZNF578
NA	ZNF579
NA	ZNF580
NA	ZNF581
NA	ZNF583
NA	ZNF586
NA	ZNF589
NA	ZNF596
NA	ZNF605
NA	ZNF610
NA	ZNF611
NA	ZNF613
NA	ZNF614
NA	ZNF621
NA	ZNF625
NA	ZNF627
NA	ZNF638
NA	ZNF639
NA	ZNF644
NA	ZNF649
NA	ZNF654
NA	ZNF655
NA	ZNF660
NA	ZNF662
NA	ZNF664
NA	ZNF667
NA	ZNF671
NA	ZNF684
NA	ZNF688
NA	ZNF689
NA	ZNF69
NA	ZNF691
NA	ZNF699
NA	ZNF7
NA	ZNF701
NA	ZNF705A
NA	ZNF705D
NA	ZNF706
NA	ZNF707
NA	ZNF708
NA	ZNF736
NA	ZNF749
NA	ZNF75A
NA	ZNF76
NA	ZNF77
NA	ZNF770
NA	ZNF772
NA	ZNF773
NA	ZNF774
NA	ZNF781
NA	ZNF784
NA	ZNF785
NA	ZNF787
NA	ZNF788
NA	ZNF8
NA	ZNF80
NA	ZNF800
NA	ZNF805
NA	ZNF813
NA	ZNF821
NA	ZNF83
NA	ZNF830
NA	ZNF837
NA	ZNF844
NA	ZNF846
NA	ZNF85
NA	ZNF852
NA	ZNF860
NA	ZNF92
NA	ZNHIT6
NA	ZNRD1
NA	ZNRF1
NA	ZPBP
NA	ZSCAN12
NA	ZSCAN18
NA	ZSCAN22
NA	ZSCAN23
NA	ZSCAN29
NA	ZSWIM7
NA	ZWINT
NA	ZXDA
NA	ZZZ3
